year,month,Date,Team,SiteID,visit #,Interior/Edge,replicate,Detector/Zcaim/CFC,COTO,EPFU,LABO,LACI,MYAUS,MYGR,MYLU,NoID*,NYHU,PESU,TABR
2014,4,4/8/2014,AL2014,AL3,1,E,1,1/1/6,0,0,0,0,0,0,0,0,0,0,0
2014,4,4/8/2014,AL2014,AL3,1,E,2,2/2/7,0,0,0,0,0,0,0,0,0,0,0
2014,4,4/8/2014,AL2014,AL3,1,I,1,3/3/8,0,0,0,0,0,0,0,0,0,0,0
2014,4,4/8/2014,AL2014,AL3,1,I,2,4/4/9,0,0,0,0,0,0,0,0,0,0,0
2014,4,4/8/2014,TT2014,TT2,1,E,1,3/3/3,0,0,1,0,1,0,1,1,1,0,1
2014,4,4/8/2014,TT2014,TT2,1,E,2,4/4/4,0,1,1,0,1,0,1,1,1,0,0
2014,4,4/8/2014,TT2014,TT2,1,I,1,2/2/2,0,0,0,1,0,0,0,0,0,0,0
2014,4,4/9/2014,AL2014,AL4,1,E,1,3/3/3,0,0,0,0,0,0,0,0,0,0,0
2014,4,4/9/2014,AL2014,AL4,1,E,2,4/4/4,0,0,0,0,0,0,0,1,0,0,0
2014,4,4/9/2014,AL2014,AL4,1,I,1,1/1/1,0,0,1,0,0,0,0,0,0,1,0
2014,4,4/9/2014,AL2014,AL4,1,I,2,2/2/2,0,0,0,0,0,0,0,0,0,0,0
2014,4,4/9/2014,TT2014,TT3,1,E,1,2/2/7,0,0,1,1,0,0,1,1,0,0,1
2014,4,4/9/2014,TT2014,TT3,1,E,2,5/5/10,0,0,1,1,0,0,1,1,0,1,1
2014,4,4/9/2014,TT2014,TT3,1,I,1,3/3/8,0,0,0,0,0,0,0,0,0,0,0
2014,4,4/10/2014,AL2014,AL7,1,E,1,1/1/6,0,1,1,0,0,0,0,1,1,0,1
2014,4,4/10/2014,AL2014,AL7,1,E,2,2/2/7,0,1,1,1,1,0,0,1,1,0,1
2014,4,4/11/2014,AL2014,AL8,1,E,1,3/3/3,0,0,0,0,0,0,0,0,0,0,0
2014,4,4/11/2014,AL2014,AL8,1,E,2,4/4/4,0,0,1,1,0,0,1,1,1,1,0
2014,4,4/11/2014,AL2014,AL8,1,I,1,1/1/1,0,0,1,1,0,0,0,1,1,0,1
2014,4,4/11/2014,AL2014,AL8,1,I,2,2/2/2,0,0,1,1,0,0,1,1,0,0,0
2014,4,4/11/2014,TT2014,TT4,1,E,1,2/2/2,0,1,1,1,0,0,1,1,1,1,1
2014,4,4/11/2014,TT2014,TT4,1,E,2,3/3/3,0,0,1,0,0,0,1,1,1,0,0
2014,4,4/11/2014,TT2014,TT4,1,I,2,5/5/6,0,0,1,1,0,0,1,1,1,1,1
2014,4,4/12/2014,TT2014,TT7,1,E,1,2/2/8,0,0,0,0,0,0,0,0,0,0,0
2014,4,4/12/2014,TT2014,TT7,1,I,1,1/1/7,0,1,1,0,1,0,1,1,1,1,0
2014,4,4/12/2014,TT2014,TT7,1,I,2,5/5/10,0,1,1,1,1,0,1,1,1,1,1
2014,4,4/14/2014,AL2014,AL9,1,E,2,4/4/4,0,0,1,0,0,0,1,1,1,0,1
2014,4,4/14/2014,AL2014,AL9,1,I,1,1/1/1,0,0,0,0,0,0,0,0,0,0,0
2014,4,4/14/2014,AL2014,AL9,1,I,2,5/5/6,0,0,0,0,0,0,0,0,0,0,0
2014,4,4/16/2014,AL2014,AL12,1,E,1,4/4/7,0,0,0,0,0,0,0,0,0,0,0
2014,4,4/16/2014,AL2014,AL12,1,E,2,3/3/9,0,0,1,0,0,0,0,0,0,0,0
2014,4,4/16/2014,AL2014,AL12,1,I,1,5/5/2,0,0,1,0,0,0,0,1,0,0,1
2014,4,4/16/2014,AL2014,AL12,1,I,2,1/1/10,0,0,1,0,0,0,0,1,1,0,1
2014,4,4/17/2014,AL2014,AL11,1,E,1,1/1/1,0,0,1,1,0,0,0,1,0,1,0
2014,4,4/17/2014,AL2014,AL11,1,E,2,5/5/5,0,1,1,1,0,0,1,1,1,1,1
2014,4,4/17/2014,AL2014,AL11,1,I,2,4/4/4,0,0,0,1,0,0,0,1,0,0,1
2014,4,4/17/2014,TT2014,TT8,1,E,1,1/1/1,0,1,1,1,1,0,1,1,1,0,1
2014,4,4/17/2014,TT2014,TT8,1,E,2,3/3/3,0,1,0,0,1,0,1,1,1,0,0
2014,4,4/17/2014,TT2014,TT8,1,I,1,2/2/2,0,0,1,0,0,0,0,1,0,0,1
2014,4,4/17/2014,TT2014,TT8,1,I,2,5/5/6,0,1,0,0,0,0,0,1,0,0,0
2014,4,4/19/2014,TT2014,TT11,1,E,1,2/2/2,0,0,0,0,0,0,1,1,0,0,1
2014,4,4/19/2014,TT2014,TT11,1,E,2,3/3/3,0,0,0,0,0,0,0,1,0,0,1
2014,4,4/19/2014,TT2014,TT11,1,I,1,1/1/1,0,0,0,0,0,0,0,1,0,1,0
2014,4,4/21/2014,TT2014,TT12,1,E,1,2/2/2,0,1,1,0,0,0,0,1,1,1,0
2014,4,4/21/2014,TT2014,TT12,1,E,2,3/3/3,0,1,1,0,0,0,0,1,1,1,1
2014,4,4/21/2014,TT2014,TT12,1,I,1,1/1/1,0,0,0,0,0,0,0,0,0,0,0
2014,4,4/21/2014,TT2014,TT12,1,I,2,5/5/6,0,0,0,0,0,0,0,0,0,0,1
2014,4,4/22/2014,AL2014,AL5,1,E,1,1/1/1,0,1,1,1,1,0,1,1,1,1,1
2014,4,4/22/2014,AL2014,AL5,1,E,2,5/5/5,0,1,1,0,1,0,1,1,1,1,0
2014,4,4/22/2014,TT2014,TT13,1,E,1,3/3/7,0,1,1,0,1,0,1,1,1,1,1
2014,4,4/22/2014,TT2014,TT13,1,E,2,2/2/10,0,1,1,1,0,0,1,1,1,1,1
2014,4,4/22/2014,TT2014,TT13,1,I,1,5/5/4,0,0,0,0,0,0,0,0,0,0,0
2014,4,4/22/2014,TT2014,TT13,1,I,2,1/18,0,0,0,0,0,0,0,1,0,0,0
2014,4,4/23/2014,AL2014,AL6,1,E,1,3/3/7,0,1,1,1,0,0,1,1,1,1,1
2014,4,4/23/2014,AL2014,AL6,1,E,2,4/4/9,0,1,1,0,0,0,1,1,1,1,1
2014,4,4/23/2014,AL2014,AL6,1,I,1,1/1/6,1,1,1,1,1,0,1,1,1,1,0
2014,4,4/23/2014,AL2014,AL6,1,I,2,5/5/10,0,1,1,0,0,0,0,1,1,1,0
2014,4,4/23/2014,TT2014,TT16,1,E,1,1/1/1,0,1,1,1,0,0,1,1,1,0,0
2014,4,4/23/2014,TT2014,TT16,1,I,1,3/3/3,0,1,1,0,0,0,1,1,1,1,1
2014,4,4/23/2014,TT2014,TT16,1,I,2,5/5/6,0,1,1,1,0,0,1,1,1,0,1
2014,4,4/27/2014,TT2014,TT9,1,E,1,1/1/1,0,1,1,0,0,0,1,1,1,1,1
2014,4,4/27/2014,TT2014,TT9,1,E,2,2/2/2,0,0,1,0,0,0,1,0,0,1,1
2014,4,4/27/2014,TT2014,TT9,1,I,1,5/5/6,0,1,1,1,0,0,1,1,1,0,1
2014,4,4/28/2014,TT2014,TT10,1,E,1,5/5/2,0,1,1,1,0,0,1,1,0,0,1
2014,4,4/28/2014,TT2014,TT10,1,E,2,1/1/10,0,1,1,1,0,0,1,1,1,0,1
2014,4,4/28/2014,TT2014,TT10,1,I,1,4/4/7,0,0,0,0,0,0,0,0,0,0,0
2014,4,4/28/2014,TT2014,TT10,1,I,2,2/2/8,0,1,1,0,0,0,0,0,1,1,1
2014,4,4/29/2014,AL2014,AL1,1,E,1,1/1/1,0,1,1,1,0,0,1,1,1,1,0
2014,4,4/29/2014,AL2014,AL1,1,E,2,5/5/5,0,0,1,0,0,0,1,1,1,1,0
2014,4,4/29/2014,AL2014,AL1,1,I,2,4/4/4,0,1,0,0,0,0,1,1,0,1,0
2014,4,4/30/2014,AL2014,AL1,2,E,1,1/1/6,0,1,1,0,1,0,1,1,1,0,1
2014,4,4/30/2014,AL2014,AL1,2,E,2,5/5/10,0,1,1,1,0,0,1,1,1,1,1
2014,4,4/30/2014,AL2014,AL1,2,I,1,3/3/7,0,0,1,0,0,0,0,0,0,0,0
2014,4,4/30/2014,AL2014,AL1,2,I,2,4/4/9,0,1,1,1,0,0,1,1,1,0,0
2014,5,5/1/2014,AL2014,AL2,1,E,2,4/4/4,0,1,1,0,0,0,0,1,0,0,0
2014,5,5/1/2014,AL2014,AL2,1,I,1,1/1/1,0,0,0,0,0,0,0,0,0,0,0
2014,5,5/1/2014,AL2014,AL2,1,I,2,5/5/5,0,1,1,1,0,0,0,1,1,0,0
2014,5,5/2/2014,TT2014,TT5,1,E,1,1/1/1,0,1,1,1,0,0,0,1,1,1,1
2014,5,5/2/2014,TT2014,TT5,1,E,2,5/5/6,0,1,1,1,0,0,1,1,1,1,1
2014,5,5/2/2014,TT2014,TT5,1,I,1,2/2/2,0,0,1,1,0,0,0,0,0,0,0
2014,5,5/2/2014,TT2014,TT5,1,I,2,3/3/3,0,0,1,1,0,0,0,1,0,0,0
2014,5,5/3/2014,AL2014,AL13,1,E,1,1/1/6,0,0,0,0,0,0,0,0,0,0,0
2014,5,5/3/2014,AL2014,AL13,1,I,2,4/4/9,0,1,1,0,1,1,1,1,1,1,0
2014,5,5/3/2014,TT2014,TT6,1,I,1,1/1/7,0,0,0,0,0,0,0,0,0,0,0
2014,5,5/3/2014,TT2014,TT6,1,I,2,5/5/10,0,0,0,1,0,0,1,1,0,0,0
2014,5,5/4/2014,AL2014,AL14,1,E,1,1/1/1,0,1,1,0,0,0,1,1,0,1,1
2014,5,5/4/2014,AL2014,AL14,1,E,2,4/4/4,0,1,1,1,0,0,0,1,1,1,1
2014,5,5/4/2014,AL2014,AL14,1,I,1,3/3/2,0,0,0,1,0,0,0,0,0,0,0
2014,5,5/4/2014,AL2014,AL14,1,I,2,5/5/5,0,0,1,1,0,0,0,1,1,1,1
2014,5,5/6/2014,AL2014,AL8,2,E,1,1/1/6,0,0,1,0,1,0,1,1,1,1,0
2014,5,5/6/2014,AL2014,AL8,2,E,2,5/5/10,0,0,1,1,1,0,1,1,1,0,0
2014,5,5/6/2014,AL2014,AL8,2,I,1,3/3/7,0,0,0,0,0,0,1,1,0,1,0
2014,5,5/6/2014,AL2014,AL8,2,I,2,4/4/9,0,0,1,1,0,0,1,1,1,1,1
2014,5,5/7/2014,AL2014,AL7,2,E,1,1/1/1,0,0,1,0,1,0,1,1,0,1,1
2014,5,5/7/2014,AL2014,AL7,2,E,2,5/5/5,0,1,1,0,1,0,1,1,1,1,1
2014,5,5/7/2014,AL2014,AL7,2,I,1,3/3/2,0,0,0,0,0,0,0,0,0,0,0
2014,5,5/7/2014,AL2014,AL7,2,I,2,4/4/4,0,0,0,0,0,0,0,0,0,0,0
2014,5,5/8/2014,TT2014,TT11,2,E,1,3/3/2,0,1,1,0,1,0,1,1,1,1,1
2014,5,5/8/2014,TT2014,TT11,2,E,2,5/5/6,0,1,1,0,1,0,1,1,1,1,1
2014,5,5/8/2014,TT2014,TT11,2,I,1,1/1/1,0,1,1,0,0,0,1,1,1,1,1
2014,5,5/8/2014,TT2014,TT11,2,I,2,2/2/8,0,0,0,0,0,0,0,0,0,0,0
2014,5,5/9/2014,AL2014,AL12,2,E,1,1/1/6,0,0,0,0,0,0,0,0,0,0,0
2014,5,5/9/2014,AL2014,AL12,2,E,2,5/5/10,0,1,1,1,0,0,0,1,1,0,1
2014,5,5/9/2014,AL2014,AL12,2,I,1,3/3/7,0,0,1,0,0,0,0,0,0,0,0
2014,5,5/9/2014,AL2014,AL12,2,I,2,4/4/9,0,0,0,0,0,0,0,0,0,0,0
2014,5,5/9/2014,TT2014,TT8,2,E,1,2/2/2,0,1,1,0,0,0,1,1,1,1,1
2014,5,5/9/2014,TT2014,TT8,2,E,2,3/3/3,0,0,1,0,0,0,1,1,0,1,0
2014,5,5/9/2014,TT2014,TT8,2,I,1,1/1/7,0,0,1,0,0,0,1,1,1,0,1
2014,5,5/9/2014,TT2014,TT8,2,I,2,5/5/10,0,1,1,1,0,0,1,1,1,0,1
2014,5,5/10/2014,AL2014,AL9,2,E,1,2/2/2,0,1,1,0,0,0,1,1,1,0,0
2014,5,5/10/2014,AL2014,AL9,2,E,2,4/4/4,0,1,1,0,0,0,1,1,1,1,1
2014,5,5/10/2014,AL2014,AL9,2,I,2,5/5/5,0,1,0,0,0,0,0,1,0,0,1
2014,5,5/10/2014,TT2014,TT13,2,E,1,2/2/2,0,0,1,0,0,0,0,1,1,0,1
2014,5,5/10/2014,TT2014,TT13,2,E,2,3/3/8,0,0,0,0,0,0,0,0,0,0,0
2014,5,5/10/2014,TT2014,TT13,2,I,1,1/1/1,0,0,0,0,0,0,0,0,0,0,0
2014,5,5/10/2014,TT2014,TT13,2,I,2,5/5/6,0,0,0,0,0,0,0,0,0,0,0
2014,5,5/11/2014,TT2014,TT12,2,E,1,1/1/7,0,0,0,0,0,0,0,0,0,0,0
2014,5,5/11/2014,TT2014,TT12,2,E,2,5/5/10,0,1,1,0,0,0,1,1,1,1,0
2014,5,5/11/2014,TT2014,TT12,2,I,1,3/3/2,0,0,0,0,0,0,0,0,0,0,0
2014,5,5/11/2014,TT2014,TT12,2,I,2,2/2/3,0,0,0,0,0,0,0,1,0,0,0
2014,5,5/12/2014,TT2014,TT16,2,E,1,1/1/1,0,0,0,0,0,0,0,0,0,0,0
2014,5,5/12/2014,TT2014,TT16,2,E,2,2/2/2,0,0,0,0,0,0,0,0,1,0,0
2014,5,5/12/2014,TT2014,TT16,2,I,1,5/5/6,0,1,1,0,1,0,1,1,1,1,1
2014,5,5/12/2014,TT2014,TT16,2,I,2,3/3/8,0,1,1,0,1,0,1,1,1,0,1
2014,5,5/13/2014,AL2014,AL5,2,E,1,2/2/7,0,1,1,1,1,0,1,1,1,1,1
2014,5,5/13/2014,AL2014,AL5,2,E,2,4/4/9,0,1,1,0,1,0,1,1,1,0,0
2014,5,5/13/2014,AL2014,AL5,2,I,1,1/1/6,0,0,0,0,0,0,0,0,0,0,0
2014,5,5/13/2014,AL2014,AL5,2,I,2,5/5/10,0,0,0,0,0,0,0,0,0,0,0
2014,5,5/13/2014,TT2014,TT15,1,E,2,1/1/7,0,1,1,1,0,0,1,1,1,1,1
2014,5,5/13/2014,TT2014,TT15,1,I,1,2/2/2,0,0,0,0,0,0,0,0,0,0,0
2014,5,5/13/2014,TT2014,TT15,1,I,2,5/5/10,0,1,1,0,0,0,0,1,0,0,0
2014,5,5/14/2014,AL2014,AL6,2,E,1,2/2/3,0,0,0,0,0,0,0,0,0,0,0
2014,5,5/14/2014,AL2014,AL6,2,I,1,1/1/1,0,0,0,0,0,0,0,0,0,0,0
2014,5,5/14/2014,AL2014,AL6,2,I,2,5/5/5,0,1,1,1,0,1,1,1,1,1,1
2014,5,5/16/2014,AL2014,AL11,2,E,1,2/2/3,0,0,0,0,0,0,0,0,0,0,0
2014,5,5/16/2014,AL2014,AL11,2,E,2,4/4/4,0,0,1,1,0,0,0,1,0,0,0
2014,5,5/16/2014,AL2014,AL11,2,I,1,1/1/1,0,0,0,0,0,0,0,0,0,0,0
2014,5,5/16/2014,AL2014,AL11,2,I,2,5/5/5,0,0,0,0,0,0,0,0,0,0,0
2014,5,5/17/2014,AL2014,AL10,2,E,1,1/1/6,0,0,1,0,0,0,1,1,1,1,1
2014,5,5/17/2014,AL2014,AL10,2,E,2,5/5/10,0,1,1,0,1,0,1,1,1,1,1
2014,5,5/17/2014,AL2014,AL10,2,I,1,2/2/7,0,0,1,0,0,0,0,1,1,0,0
2014,5,5/17/2014,AL2014,AL10,2,I,2,4/4/9,0,0,1,0,0,0,0,1,1,1,0
2014,5,5/17/2014,TT2014,TT2,2,E,1,2/2/2,0,1,1,0,1,0,1,1,0,0,0
2014,5,5/17/2014,TT2014,TT2,2,I,1,3/3/3,0,0,0,1,0,0,0,0,0,1,0
2014,5,5/17/2014,TT2014,TT2,2,I,2,5/5/10,0,0,0,0,0,0,0,0,0,0,0
2014,5,5/18/2014,TT2014,TT10,2,E,1,2/2/2,0,1,1,0,1,0,1,1,1,1,1
2014,5,5/18/2014,TT2014,TT10,2,E,2,5/5/6,0,1,1,1,1,1,1,1,0,1,1
2014,5,5/18/2014,TT2014,TT10,2,I,1,1/1/1,0,0,1,1,0,0,1,1,0,0,1
2014,5,5/18/2014,TT2014,TT10,2,I,2,3/3/8,0,0,0,1,0,0,0,1,1,0,1
2014,5,5/19/2014,AL2014,AL3,2,E,1,1/1/1,0,1,1,1,0,0,0,0,0,1,0
2014,5,5/19/2014,AL2014,AL3,2,E,2,5/5/5,0,0,1,1,0,0,0,1,0,1,1
2014,5,5/19/2014,AL2014,AL3,2,I,1,2/2/3,0,0,0,0,0,0,0,1,0,0,0
2014,5,5/19/2014,AL2014,AL3,2,I,2,4/4/4,0,0,1,1,0,0,0,1,0,0,1
2014,5,5/19/2014,TT2014,TT9,2,E,1,2/2/2,0,0,1,0,0,0,0,1,0,0,0
2014,5,5/19/2014,TT2014,TT9,2,E,2,3/3/3,0,0,0,0,0,0,0,0,0,1,0
2014,5,5/19/2014,TT2014,TT9,2,I,1,5/5/7,0,0,0,1,0,0,0,1,1,1,1
2014,5,5/19/2014,TT2014,TT9,2,I,2,1/1/10,0,1,1,1,0,0,0,1,1,1,1
2014,5,5/20/2014,AL2014,AL4,2,E,1,1/1/6,0,0,1,0,0,0,0,0,1,0,0
2014,5,5/20/2014,AL2014,AL4,2,E,2,5/5/10,0,0,1,0,0,0,0,1,1,1,1
2014,5,5/20/2014,AL2014,AL4,2,I,1,2/2/7,0,0,0,1,0,0,0,1,0,1,1
2014,5,5/20/2014,AL2014,AL4,2,I,2,4/4/9,0,0,1,1,0,0,1,1,0,1,1
2014,5,5/23/2014,TT2014,TT7,2,E,1,1/1/1,0,1,1,0,1,0,1,1,1,0,1
2014,5,5/23/2014,TT2014,TT7,2,E,2,5/5/6,0,1,1,0,1,0,1,1,1,0,1
2014,5,5/23/2014,TT2014,TT7,2,I,1,2/2/2,0,1,1,0,1,0,1,1,1,0,0
2014,5,5/23/2014,TT2014,TT7,2,I,2,3/3/3,0,0,0,0,0,0,0,0,0,0,0
2014,5,5/24/2014,AL2014,AL2,2,E,1,1/1/1,0,1,1,0,0,0,1,1,1,0,0
2014,5,5/24/2014,AL2014,AL2,2,I,1,4/4/4,0,1,1,0,0,0,1,0,0,1,0
2014,5,5/24/2014,AL2014,AL2,2,I,2,5/5/5,0,1,1,0,0,0,0,1,1,1,0
2014,5,5/24/2014,TT2014,TT4,2,E,1,1/1/7,0,0,1,0,1,0,1,1,1,1,0
2014,5,5/24/2014,TT2014,TT4,2,E,2,5/5/10,0,1,1,1,0,0,1,1,1,1,1
2014,5,5/24/2014,TT2014,TT4,2,I,1,2/2/2,0,0,1,0,0,0,1,1,1,1,1
2014,5,5/24/2014,TT2014,TT4,2,I,2,3/3/8,0,0,1,0,0,0,0,1,1,0,1
2014,5,5/25/2014,AL2014,AL1,3,E,1,1/1/6,0,0,1,0,0,0,1,1,1,1,1
2014,5,5/25/2014,AL2014,AL1,3,E,2,4/4/9,0,0,1,0,0,0,0,1,1,0,1
2014,5,5/25/2014,AL2014,AL1,3,I,1,2/2/7,0,0,1,0,0,0,0,1,0,0,0
2014,5,5/25/2014,AL2014,AL1,3,I,2,5/5/10,0,0,1,0,0,0,1,1,1,1,0
2014,5,5/26/2014,TT2014,TT6,2,E,1,1/1/1,0,1,1,0,0,0,0,1,1,1,0
2014,5,5/26/2014,TT2014,TT6,2,E,2,3/3/3,0,1,1,0,1,0,0,1,1,1,1
2014,5,5/26/2014,TT2014,TT6,2,I,1,2/2/2,0,0,0,0,0,0,0,0,0,0,0
2014,5,5/26/2014,TT2014,TT6,2,I,2,5/5/6,0,1,1,1,1,0,1,1,1,0,1
2014,5,5/27/2014,AL2014,AL14,2,E,1,1/1/1,0,1,1,1,0,0,0,1,1,0,1
2014,5,5/27/2014,AL2014,AL14,2,E,2,5/5/5,0,0,1,1,0,0,0,1,1,0,1
2014,5,5/27/2014,AL2014,AL14,2,I,2,4/4/4,0,0,1,0,0,0,0,1,1,0,1
2014,5,5/27/2014,TT2014,TT5,2,E,1,5/5/2,0,1,0,0,0,0,0,1,0,0,0
2014,5,5/27/2014,TT2014,TT5,2,E,2,3/3/8,0,1,1,0,0,0,1,1,0,0,1
2014,5,5/27/2014,TT2014,TT5,2,I,1,2/2/10,0,1,1,1,0,0,1,1,1,1,1
2014,5,5/27/2014,TT2014,TT5,2,I,2,1/1/7,0,1,1,1,0,0,1,1,1,1,0
2014,5,5/28/2014,AL2014,AL13,2,E,1,1/1/6,0,1,1,0,0,0,1,1,1,1,1
2014,5,5/28/2014,AL2014,AL13,2,E,2,2/2/7,0,1,1,0,1,0,1,1,1,1,1
2014,5,5/28/2014,AL2014,AL13,2,I,1,4/4/9,0,0,0,0,0,0,0,0,0,1,0
2014,5,5/28/2014,AL2014,AL13,2,I,2,5/5/10,0,0,0,1,0,0,0,0,0,1,0
2014,6,6/2/2014,TT2014,TT8,3,E,1,3/3/3,0,1,1,NA,1,0,0,0,0,0,1
2014,6,6/2/2014,TT2014,TT8,3,E,2,5/5/6,0,1,0,NA,0,0,1,1,0,1,1
2014,6,6/2/2014,TT2014,TT8,3,I,1,1/1/1,0,0,0,NA,0,0,1,0,0,0,1
2014,6,6/2/2014,TT2014,TT8,3,I,2,2/2/2,0,1,1,NA,1,0,1,1,0,0,1
2014,6,6/3/2014,AL2014,AL8,3,E,1,1/1/6,0,0,1,NA,0,0,0,1,0,0,0
2014,6,6/3/2014,AL2014,AL8,3,E,2,2/2/7,0,0,1,NA,0,0,0,1,1,0,0
2014,6,6/3/2014,AL2014,AL8,3,I,1,4/4/9,0,1,1,NA,0,0,1,1,0,0,1
2014,6,6/3/2014,AL2014,AL8,3,I,2,5/5/10,0,0,0,NA,0,0,1,1,1,0,0
2014,6,6/3/2014,TT2014,TT11,3,E,1,2/2/2,0,1,1,NA,0,0,0,1,1,1,1
2014,6,6/3/2014,TT2014,TT11,3,E,2,5/5/8,0,1,1,NA,0,0,0,1,1,1,1
2014,6,6/3/2014,TT2014,TT11,3,I,1,1/1/7,0,1,1,NA,0,0,0,1,0,0,0
2014,6,6/3/2014,TT2014,TT11,3,I,2,3/3/10,0,1,1,NA,1,0,0,1,1,0,1
2014,6,6/4/2014,AL2014,AL7,3,E,1,1/1/1,0,0,0,NA,0,0,0,0,1,0,0
2014,6,6/4/2014,AL2014,AL7,3,I,1,4/4/4,0,0,0,NA,0,0,0,0,1,0,0
2014,6,6/4/2014,AL2014,AL7,3,I,2,5/5/5,0,1,0,NA,0,0,0,1,0,0,0
2014,6,6/4/2014,TT2014,TT12,3,E,1,2/2/2,0,0,1,NA,0,0,0,0,0,1,1
2014,6,6/4/2014,TT2014,TT12,3,E,2,3/3/3,0,1,1,NA,0,0,1,1,1,1,1
2014,6,6/4/2014,TT2014,TT12,3,I,1,1/1/1,0,0,0,NA,0,0,0,0,0,0,0
2014,6,6/4/2014,TT2014,TT12,3,I,2,5/5/6,0,1,0,NA,0,0,0,1,0,0,0
2014,6,6/6/2014,AL2014,AL12,3,E,1,1/1/6,0,1,1,NA,0,0,0,1,1,0,1
2014,6,6/6/2014,AL2014,AL12,3,E,2,2/2/7,0,1,1,NA,0,0,1,1,1,1,1
2014,6,6/6/2014,AL2014,AL12,3,I,1,4/4/9,0,0,0,NA,0,0,0,1,0,0,0
2014,6,6/6/2014,AL2014,AL12,3,I,2,5/5/10,0,0,1,NA,0,0,1,1,1,0,0
2014,6,6/6/2014,TT2014,TT13,3,E,1,1/1/0,0,1,0,NA,0,0,0,1,1,1,1
2014,6,6/6/2014,TT2014,TT13,3,E,2,5/5/7,0,1,1,NA,0,0,0,1,1,1,1
2014,6,6/6/2014,TT2014,TT13,3,I,1,2/2/2,0,0,0,NA,0,0,0,0,0,0,0
2014,6,6/6/2014,TT2014,TT13,3,I,2,3/3/8,0,0,0,NA,0,0,0,0,0,0,0
2014,6,6/7/2014,AL2014,AL9,3,E,1,4/4/4,0,1,1,NA,0,0,0,1,1,1,1
2014,6,6/7/2014,AL2014,AL9,3,E,2,5/5/5,0,1,1,NA,0,0,1,1,1,1,1
2014,6,6/7/2014,TT2014,TT15,2,E,1,1/1/1,0,1,0,NA,0,0,0,0,0,0,0
2014,6,6/7/2014,TT2014,TT15,2,I,1,2/2/2,0,0,0,NA,0,0,0,0,0,0,0
2014,6,6/7/2014,TT2014,TT15,2,I,2,5/5/6,0,0,0,NA,0,0,0,1,0,0,0
2014,6,6/8/2014,TT2014,TT16,3,E,1,3/3/7,0,1,1,NA,0,0,1,1,1,0,0
2014,6,6/8/2014,TT2014,TT16,3,E,2,1/1/10,0,1,1,NA,0,0,1,1,0,0,1
2014,6,6/8/2014,TT2014,TT16,3,I,1,5/5/2,0,1,0,NA,0,0,0,0,0,0,0
2014,6,6/8/2014,TT2014,TT16,3,I,2,2/2/8,0,0,0,NA,0,0,0,0,1,0,0
2014,6,6/9/2014,AL2014,AL5,3,E,1,4/4/9,0,0,0,NA,0,0,1,1,0,0,0
2014,6,6/9/2014,AL2014,AL5,3,E,2,5/5/10,0,1,1,NA,0,0,1,1,0,0,0
2014,6,6/9/2014,AL2014,AL5,3,I,1,1/1/6,0,0,0,NA,0,0,0,0,0,0,0
2014,6,6/9/2014,AL2014,AL5,3,I,2,2/2/7,0,0,0,NA,0,0,1,0,1,0,0
2014,6,6/10/2014,AL2014,AL6,3,E,1,1/1/1,0,0,0,NA,0,0,0,0,0,0,0
2014,6,6/10/2014,AL2014,AL6,3,I,1,4/4/4,0,0,0,NA,0,0,0,1,0,0,0
2014,6,6/10/2014,AL2014,AL6,3,I,2,5/5/5,0,0,0,NA,0,0,0,1,0,1,0
2014,6,6/10/2014,TT2014,TT4,3,E,1,1/1/1,0,0,1,NA,0,0,0,1,1,0,0
2014,6,6/10/2014,TT2014,TT4,3,E,2,5/5/6,0,0,1,NA,1,0,1,1,1,1,0
2014,6,6/10/2014,TT2014,TT4,3,I,2,3/3/3,0,0,1,NA,0,0,1,1,1,0,0
2014,6,6/11/2014,TT2014,TT7,3,E,1,3/3/7,0,1,1,NA,0,0,0,1,1,0,1
2014,6,6/11/2014,TT2014,TT7,3,E,2,1/1/8,0,0,1,NA,0,0,1,1,1,0,0
2014,6,6/11/2014,TT2014,TT7,3,I,1,2/2/2,0,1,1,NA,1,0,1,1,1,1,0
2014,6,6/11/2014,TT2014,TT7,3,I,2,5/5/10,0,0,1,NA,0,0,1,1,1,1,0
2014,6,6/12/2014,AL2014,AL14,3,E,1,1/1/6,0,0,1,NA,0,0,0,1,1,0,1
2014,6,6/12/2014,AL2014,AL14,3,E,2,2/2/7,0,0,1,NA,0,0,1,1,1,1,0
2014,6,6/12/2014,AL2014,AL14,3,I,1,4/4/9,0,0,1,NA,0,0,0,1,1,0,1
2014,6,6/12/2014,AL2014,AL14,3,I,2,5/5/10,0,0,1,NA,0,0,1,1,1,0,1
2014,6,6/13/2014,AL2014,AL13,3,E,1,2/2/2,0,1,1,NA,0,0,1,1,1,1,0
2014,6,6/13/2014,AL2014,AL13,3,E,2,5/5/5,0,1,1,NA,0,0,1,1,1,1,0
2014,6,6/13/2014,AL2014,AL13,3,I,1,1/1/1,0,0,0,NA,0,0,1,0,0,0,0
2014,6,6/13/2014,AL2014,AL13,3,I,2,4/4/4,0,0,1,NA,0,0,0,1,0,1,0
2014,6,6/15/2014,AL2014,AL10,3,E,1,1/1/1,0,0,1,NA,0,0,0,1,0,0,1
2014,6,6/15/2014,AL2014,AL10,3,E,2,2/2/2,0,0,1,NA,0,0,0,1,1,0,0
2014,6,6/15/2014,AL2014,AL10,3,I,1,4/4/4,0,0,1,NA,0,0,0,1,1,0,0
2014,6,6/15/2014,AL2014,AL10,3,I,2,5/5/5,0,0,1,NA,0,0,0,1,1,0,0
2014,6,6/15/2014,TT2014,TT2,3,E,1,2/2/2,0,0,0,NA,0,0,0,0,0,0,0
2014,6,6/15/2014,TT2014,TT2,3,E,2,3/3/3,0,0,0,NA,0,0,0,1,0,0,0
2014,6,6/15/2014,TT2014,TT2,3,I,1,1/1/1,0,0,1,NA,0,0,0,1,1,0,1
2014,6,6/15/2014,TT2014,TT2,3,I,2,5/5/6,0,1,0,NA,0,0,0,1,0,0,1
2014,6,6/16/2014,AL2014,AL11,3,E,1,1/1/6,0,0,1,NA,0,0,1,1,1,1,1
2014,6,6/16/2014,AL2014,AL11,3,E,2,2/2/7,0,0,1,NA,0,0,1,1,1,1,1
2014,6,6/16/2014,AL2014,AL11,3,I,1,4/4/9,0,0,1,NA,0,0,1,1,1,0,1
2014,6,6/16/2014,AL2014,AL11,3,I,2,5/5/10,0,0,1,NA,0,0,1,1,1,0,1
2014,6,6/16/2014,TT2014,TT3,2,E,1,1/1/7,0,1,1,NA,1,0,1,1,1,1,1
2014,6,6/16/2014,TT2014,TT3,2,E,2,5/5/8,0,1,1,NA,1,0,1,1,1,1,1
2014,6,6/16/2014,TT2014,TT3,2,I,1,2/2/2,0,0,0,NA,0,0,0,0,0,0,0
2014,6,6/16/2014,TT2014,TT3,2,I,2,3/3/10,0,0,0,NA,1,0,0,0,0,0,1
2014,6,6/18/2014,AL2014,AL3,3,E,1,1/1/6,0,0,1,NA,0,0,0,1,1,0,0
2014,6,6/18/2014,AL2014,AL3,3,E,2,2/2/7,0,0,1,NA,0,0,0,1,1,0,0
2014,6,6/18/2014,AL2014,AL3,3,I,1,4/4/9,0,0,0,NA,0,0,0,0,0,0,0
2014,6,6/18/2014,AL2014,AL3,3,I,2,5/5/10,0,0,1,NA,0,0,0,0,0,1,0
2014,6,6/19/2014,AL2014,AL4,3,E,2,2/2/2,0,0,1,NA,1,0,0,1,1,0,0
2014,6,6/19/2014,AL2014,AL4,3,I,2,5/5/5,0,0,0,NA,0,0,1,1,1,0,1
2014,6,6/23/2014,AL2014,AL1,4,E,1,1/1/1,0,0,0,NA,0,0,0,1,0,0,0
2014,6,6/23/2014,AL2014,AL1,4,E,2,2/2/2,0,0,1,NA,0,0,0,0,0,0,0
2014,6,6/23/2014,AL2014,AL1,4,I,1,4/4/4,0,0,1,NA,0,0,1,1,1,1,0
2014,6,6/23/2014,AL2014,AL1,4,I,2,5/5/5,0,1,1,NA,0,0,1,1,1,0,1
2014,6,6/23/2014,TT2014,TT9,3,E,1,3/3/3,0,0,1,NA,1,0,1,1,0,1,0
2014,6,6/23/2014,TT2014,TT9,3,E,2,5/5/6,0,1,1,NA,0,0,0,1,1,0,1
2014,6,6/23/2014,TT2014,TT9,3,I,1,1/1/1,0,1,1,NA,0,0,1,1,0,0,1
2014,6,6/23/2014,TT2014,TT9,3,I,2,2/2/2,0,1,1,NA,1,1,1,1,0,0,0
2014,6,6/24/2014,AL2014,AL2,3,E,1,1/1/6,0,1,1,NA,0,0,1,1,0,1,1
2014,6,6/24/2014,AL2014,AL2,3,E,2,2/2/7,0,1,1,NA,1,0,0,1,0,1,1
2014,6,6/24/2014,AL2014,AL2,3,I,1,4/4/9,0,1,1,NA,0,0,1,1,0,1,1
2014,6,6/24/2014,TT2014,TT10,3,E,1,1/1/8,0,1,1,NA,0,0,1,1,1,1,0
2014,6,6/24/2014,TT2014,TT10,3,E,2,5/5/10,0,1,1,NA,0,0,1,1,1,0,0
2014,6,6/24/2014,TT2014,TT10,3,I,1,2/2/2,0,0,0,NA,0,0,0,0,0,0,0
2014,6,6/24/2014,TT2014,TT10,3,I,2,3/3/7,0,1,1,NA,0,0,0,1,0,1,1
2014,6,6/26/2014,AL2014,AL8,4,E,1,1/1/1,0,0,0,NA,0,0,0,0,0,0,0
2014,6,6/26/2014,AL2014,AL8,4,E,2,2/2/2,0,0,0,NA,0,0,0,1,1,0,1
2014,6,6/26/2014,AL2014,AL8,4,I,1,4/4/4,0,0,0,NA,0,0,0,1,1,0,0
2014,6,6/26/2014,AL2014,AL8,4,I,2,5/5/5,0,0,0,NA,0,0,0,1,0,0,0
2014,6,6/26/2014,TT2014,TT6,3,E,2,5/5/6,0,0,1,NA,1,0,0,1,0,1,0
2014,6,6/26/2014,TT2014,TT6,3,I,1,2/2/2,0,1,0,NA,0,0,1,1,0,1,0
2014,6,6/26/2014,TT2014,TT6,3,I,2,3/3/3,0,1,1,NA,0,0,0,1,1,1,0
2014,6,6/27/2014,AL2014,AL7,4,E,1,1/1/6,0,0,1,NA,0,0,0,1,1,0,0
2014,6,6/27/2014,AL2014,AL7,4,E,2,2/2/7,0,0,1,NA,0,0,1,1,1,0,0
2014,6,6/27/2014,AL2014,AL7,4,I,1,4/4/9,0,0,0,NA,0,0,0,0,0,0,0
2014,6,6/27/2014,AL2014,AL7,4,I,2,5/5/10,0,0,0,NA,0,0,0,0,0,0,0
2014,6,6/27/2014,TT2014,TT5,3,E,1,3/3/7,0,1,1,NA,0,0,0,1,1,1,1
2014,6,6/27/2014,TT2014,TT5,3,E,2,1/1/10,0,1,0,NA,0,0,1,1,1,0,1
2014,6,6/27/2014,TT2014,TT5,3,I,1,2/2/2,0,1,1,NA,0,0,0,1,1,0,0
2014,6,6/27/2014,TT2014,TT5,3,I,2,5/5/8,0,1,1,NA,0,0,0,1,1,1,1
2014,6,6/28/2014,TT2014,TT8,4,E,1,2/2/2,0,1,1,NA,1,0,1,1,1,1,0
2014,6,6/28/2014,TT2014,TT8,4,E,2,5/5/6,0,1,1,NA,1,0,1,1,1,1,0
2014,6,6/28/2014,TT2014,TT8,4,I,1,1/1/1,0,1,1,NA,1,0,1,1,1,1,0
2014,6,6/28/2014,TT2014,TT8,4,I,2,3/3/3,0,0,1,NA,1,0,1,1,1,0,1
2014,6,6/29/2014,AL2014,AL12,4,E,2,2/2/2,0,0,0,NA,0,0,0,0,0,0,0
2014,6,6/29/2014,AL2014,AL12,4,I,1,4/4/4,0,1,0,NA,0,0,0,1,0,0,0
2014,6,6/29/2014,AL2014,AL12,4,I,2,5/5/5,0,0,0,NA,0,0,0,0,0,0,0
2014,6,6/30/2014,AL2014,AL9,4,E,1,1/1/6,0,1,1,NA,0,0,1,1,1,1,1
2014,6,6/30/2014,AL2014,AL9,4,E,2,2/2/7,0,0,0,NA,0,0,0,0,0,0,0
2014,6,6/30/2014,AL2014,AL9,4,I,1,4/4/9,0,0,1,NA,0,0,0,1,1,0,1
2014,6,6/30/2014,AL2014,AL9,4,I,2,5/5/10,0,0,0,NA,0,0,0,0,0,0,0
2014,6,6/30/2014,TT2014,TT11,4,E,1,1/1/2,0,1,1,NA,0,0,1,1,1,1,1
2014,6,6/30/2014,TT2014,TT11,4,E,2,3/3/7,0,1,1,NA,0,0,1,1,1,1,1
2014,6,6/30/2014,TT2014,TT11,4,I,1,2/2/8,0,1,1,NA,0,0,1,1,1,1,0
2014,6,6/30/2014,TT2014,TT11,4,I,2,5/5/10,0,1,1,NA,1,0,1,1,1,1,1
2014,7,7/2/2014,AL2014,AL13,4,E,1,1/1/1,0,0,1,NA,0,0,0,1,1,0,0
2014,7,7/2/2014,AL2014,AL13,4,E,2,2/2/2,0,0,1,NA,0,0,1,1,1,1,0
2014,7,7/2/2014,AL2014,AL13,4,I,1,4/4/4,0,0,0,NA,0,0,0,0,0,0,0
2014,7,7/2/2014,AL2014,AL13,4,I,2,5/5/5,0,0,0,NA,0,0,0,0,0,0,0
2014,7,7/2/2014,TT2014,TT12,4,E,1,1/1/1,0,1,1,NA,0,0,1,1,1,1,1
2014,7,7/2/2014,TT2014,TT12,4,E,2,5/5/6,0,1,1,NA,0,0,1,1,1,1,1
2014,7,7/2/2014,TT2014,TT12,4,I,1,2/2/2,0,0,0,NA,0,0,1,1,0,1,0
2014,7,7/2/2014,TT2014,TT12,4,I,2,3/3/3,0,0,1,NA,0,0,1,1,0,0,0
2014,7,7/3/2014,AL2014,AL14,4,E,1,1/1/6,0,1,1,NA,0,0,1,1,1,1,0
2014,7,7/3/2014,AL2014,AL14,4,E,2,2/2/7,0,1,1,NA,0,0,0,1,1,1,0
2014,7,7/3/2014,AL2014,AL14,4,I,1,4/4/9,0,1,0,NA,0,0,0,1,1,0,1
2014,7,7/3/2014,AL2014,AL14,4,I,2,5/5/10,0,0,0,NA,0,0,0,0,0,0,0
2014,7,7/3/2014,TT2014,TT13,4,E,1,1/1/2,0,1,1,NA,0,0,0,1,1,1,1
2014,7,7/3/2014,TT2014,TT13,4,E,2,5/5/8,0,1,1,NA,0,0,1,1,1,1,1
2014,7,7/3/2014,TT2014,TT13,4,I,2,2/2/10,0,0,0,NA,0,0,0,0,0,0,0
2014,7,7/5/2014,TT2014,TT15,3,E,1,3/3/3,0,0,1,NA,1,0,1,1,1,0,1
2014,7,7/5/2014,TT2014,TT15,3,E,2,5/5/6,0,1,1,NA,0,0,0,1,0,0,0
2014,7,7/5/2014,TT2014,TT15,3,I,1,1/1/1,0,0,1,NA,0,0,1,1,1,0,1
2014,7,7/5/2014,TT2014,TT15,3,I,2,2/2/2,0,1,1,NA,0,0,0,1,1,1,1
2014,7,7/6/2014,TT2014,TT16,4,E,1,1/1/8,0,1,1,NA,0,0,1,1,0,0,1
2014,7,7/6/2014,TT2014,TT16,4,E,2,5/5/10,1,1,1,NA,0,0,1,1,1,0,1
2014,7,7/6/2014,TT2014,TT16,4,I,1,3/3/2,0,1,1,NA,0,0,1,1,1,1,1
2014,7,7/6/2014,TT2014,TT16,4,I,2,2/2/7,0,1,1,NA,0,0,0,1,1,1,0
2014,7,7/8/2014,AL2014,AL10,4,E,1,1/1/1,0,0,1,NA,0,0,0,1,1,0,0
2014,7,7/8/2014,AL2014,AL10,4,E,2,2/2/2,0,0,1,NA,0,0,0,1,0,0,0
2014,7,7/8/2014,AL2014,AL10,4,I,1,4/4/4,0,1,1,NA,0,0,1,1,1,0,0
2014,7,7/8/2014,AL2014,AL10,4,I,2,5/5/5,0,1,1,NA,0,0,0,1,1,0,0
2014,7,7/8/2014,TT2014,TT3,3,E,1,1/1/1,0,1,1,NA,1,0,1,1,1,1,1
2014,7,7/8/2014,TT2014,TT3,3,E,2,5/5/6,0,1,1,NA,1,0,1,1,1,1,1
2014,7,7/8/2014,TT2014,TT3,3,I,1,2/2/2,0,0,0,NA,0,0,0,0,0,0,0
2014,7,7/8/2014,TT2014,TT3,3,I,2,3/3/3,0,0,0,NA,0,0,0,0,0,0,0
2014,7,7/9/2014,AL2014,AL11,4,E,1,1/1/6,0,0,1,NA,0,0,1,1,1,0,1
2014,7,7/9/2014,AL2014,AL11,4,E,2,2/2/7,0,0,1,NA,0,0,1,1,1,1,0
2014,7,7/9/2014,AL2014,AL11,4,I,1,4/4/9,0,1,1,NA,0,0,0,1,1,1,1
2014,7,7/9/2014,AL2014,AL11,4,I,2,5/5/10,0,1,1,NA,0,0,0,1,1,0,1
2014,7,7/9/2014,TT2014,TT2,4,E,1,1/1/7,0,1,0,NA,0,0,0,1,0,0,1
2014,7,7/9/2014,TT2014,TT2,4,E,2,5/5/10,0,1,1,NA,1,0,0,1,1,1,1
2014,7,7/9/2014,TT2014,TT2,4,I,1,2/2/2,0,0,0,NA,0,0,0,0,0,0,0
2014,7,7/9/2014,TT2014,TT2,4,I,2,3/3/8,0,0,0,NA,1,0,1,0,0,0,1
2014,7,7/11/2014,AL2014,AL3,4,E,1,1/1/1,0,0,1,NA,0,0,0,0,0,0,1
2014,7,7/11/2014,AL2014,AL3,4,E,2,2/2/2,0,0,0,NA,0,0,1,0,0,0,0
2014,7,7/11/2014,AL2014,AL3,4,I,1,4/4/4,0,1,1,NA,0,0,0,1,0,0,1
2014,7,7/11/2014,AL2014,AL3,4,I,2,5/5/5,0,1,1,NA,0,0,0,1,1,0,1
2014,7,7/11/2014,TT2014,TT7,4,E,1,1/1/1,0,0,1,NA,1,1,1,1,1,0,0
2014,7,7/11/2014,TT2014,TT7,4,E,2,5/5/6,0,1,1,NA,1,0,1,1,1,1,1
2014,7,7/11/2014,TT2014,TT7,4,I,2,3/3/3,0,1,1,NA,0,0,1,1,1,1,1
2014,7,7/12/2014,AL2014,AL4,4,E,2,2/2/7,0,1,1,NA,0,0,1,1,1,1,0
2014,7,7/12/2014,AL2014,AL4,4,I,1,4/4/9,0,1,1,NA,0,0,0,1,1,1,1
2014,7,7/12/2014,AL2014,AL4,4,I,2,5/5/10,0,1,1,NA,0,0,0,1,1,1,1
2014,7,7/12/2014,TT2014,TT4,4,E,1,2/2/2,0,1,1,NA,1,0,1,1,1,1,1
2014,7,7/12/2014,TT2014,TT4,4,E,2,3/3/8,0,1,1,NA,1,0,1,1,0,0,1
2014,7,7/12/2014,TT2014,TT4,4,I,1,1/1/7,0,1,1,NA,0,0,1,1,1,1,1
2014,7,7/12/2014,TT2014,TT4,4,I,2,5/5/10,0,1,1,NA,0,0,0,1,1,1,1
2014,7,7/13/2014,TT2014,TT6,4,E,1,3/3/3,0,1,1,NA,0,0,1,1,1,1,1
2014,7,7/13/2014,TT2014,TT6,4,E,2,5/5/6,0,1,1,NA,0,0,1,1,1,1,1
2014,7,7/13/2014,TT2014,TT6,4,I,2,2/2/2,0,1,1,NA,0,0,1,1,0,1,0
2014,7,7/14/2014,AL2014,AL5,4,E,2,2/2/2,0,0,0,NA,0,0,0,0,0,0,0
2014,7,7/14/2014,AL2014,AL5,4,I,1,4/4/4,0,1,1,NA,0,0,1,1,0,0,0
2014,7,7/14/2014,TT2014,TT5,4,E,1,3/3/7,0,1,1,NA,0,0,1,1,1,1,1
2014,7,7/14/2014,TT2014,TT5,4,E,2,1/1/8,0,1,1,NA,0,0,1,1,1,1,1
2014,7,7/14/2014,TT2014,TT5,4,I,1,2/2/2,0,1,1,NA,0,0,0,1,1,1,1
2014,7,7/14/2014,TT2014,TT5,4,I,2,5/5/10,0,1,1,NA,0,0,0,1,0,0,0
2014,7,7/15/2014,AL2014,AL6,4,E,2,2/2/7,0,0,0,NA,0,0,0,0,0,0,0
2014,7,7/15/2014,AL2014,AL6,4,I,1,4/4/9,0,1,1,NA,1,0,0,1,1,0,1
2014,7,7/15/2014,AL2014,AL6,4,I,2,5/5/10,0,0,0,NA,0,0,0,0,0,0,0
2014,7,7/16/2014,TT2014,TT9,4,E,1,1/1/1,0,0,1,NA,0,0,1,1,0,1,0
2014,7,7/16/2014,TT2014,TT9,4,E,2,5/5/6,0,0,0,NA,0,0,0,1,0,1,0
2014,7,7/16/2014,TT2014,TT9,4,I,1,3/3/3,0,1,1,NA,1,0,0,1,1,1,0
2014,7,7/16/2014,TT2014,TT9,4,I,2,2/2/2,0,0,1,NA,0,0,0,1,0,0,0
2014,7,7/17/2014,AL2014,AL1,5,E,1,1/1/1,0,0,1,NA,0,0,0,1,0,1,0
2014,7,7/17/2014,AL2014,AL1,5,E,2,2/2/2,0,1,1,NA,0,1,1,1,1,1,0
2014,7,7/17/2014,AL2014,AL1,5,I,1,4/4/4,0,1,1,NA,1,0,1,1,1,1,1
2014,7,7/17/2014,AL2014,AL1,5,I,2,5/5/5,0,1,1,NA,0,0,1,1,1,0,0
2014,7,7/17/2014,TT2014,TT10,4,E,1,1/1/7,0,1,1,NA,1,1,1,1,0,1,1
2014,7,7/17/2014,TT2014,TT10,4,E,2,5/5/10,0,0,1,NA,1,0,1,1,0,1,0
2014,7,7/17/2014,TT2014,TT10,4,I,1,2/2/2,0,0,1,NA,1,0,0,0,1,1,0
2014,7,7/18/2014,AL2014,AL2,4,E,1,1/1/6,0,1,1,NA,0,0,1,1,1,0,0
2014,7,7/18/2014,AL2014,AL2,4,E,2,2/2/7,0,1,1,NA,0,0,1,1,1,0,0
2014,7,7/18/2014,AL2014,AL2,4,I,1,4/4/9,0,1,1,NA,0,0,1,1,1,1,0
2014,7,7/18/2014,AL2014,AL2,4,I,2,5/5/10,0,1,1,NA,0,0,1,1,1,0,0
2015,3,3/31/2015,GV A,GV2,1,E,A,3/3/3,0,1,1,NA,1,NA,NA,1,0,1,1
2015,3,3/31/2015,GV A,GV2,1,E,B,4/4/4,0,1,1,NA,1,NA,NA,1,0,1,0
2015,3,3/31/2015,GV A,GV2,1,I,A,1/1/1,0,0,1,NA,1,NA,NA,1,0,0,0
2015,3,3/31/2015,GV A,GV2,1,I,B,2/2/2,NA,NA,NA,NA,NA,NA,NA,NA,NA,NA,NA
2015,4,4/1/2015,GV B,GV8,1,E,A,2/2/2,0,0,0,NA,0,NA,NA,0,0,0,0
2015,4,4/1/2015,GV B,GV8,1,E,B,3/3/3,0,1,1,NA,1,NA,NA,1,0,1,1
2015,4,4/1/2015,GV B,GV8,1,I,A,4/4/4,0,0,1,NA,1,NA,NA,1,0,1,0
2015,4,4/2/2015,GV A,GV3,1,E,A,3/3/8,0,0,1,NA,1,NA,NA,1,0,1,0
2015,4,4/2/2015,GV A,GV3,1,E,B,4/4/9,0,1,1,NA,1,NA,NA,1,0,1,0
2015,4,4/2/2015,GV A,GV3,1,I,A,1/1/6,0,0,1,NA,1,NA,NA,1,0,1,0
2015,4,4/2/2015,GV A,GV3,1,I,B,2/2/7,0,0,1,NA,1,NA,NA,1,0,1,0
2015,4,4/2/2015,GV B,GV9,1,E,A,4/4/7,0,1,1,NA,1,NA,NA,1,0,1,0
2015,4,4/2/2015,GV B,GV9,1,E,B,3/3/8,0,1,1,NA,1,NA,NA,1,0,1,0
2015,4,4/2/2015,GV B,GV9,1,I,A,1/1/6,0,0,0,NA,0,NA,NA,0,0,0,0
2015,4,4/2/2015,GV B,GV9,1,I,B,5/5/10,0,0,1,NA,1,NA,NA,1,0,1,0
2015,4,4/7/2015,AL2015,AL19,1,E,1,5/5/5,0,1,1,1,0,0,1,1,1,0,1
2015,4,4/7/2015,AL2015,AL19,1,E,2,2/2/2,0,1,1,1,0,0,1,1,1,1,0
2015,4,4/7/2015,AL2015,AL19,1,I,1,1/1/1,0,0,0,0,0,0,0,0,0,0,0
2015,4,4/7/2015,AL2015,AL19,1,I,2,4/4/4,0,0,0,0,0,0,0,0,1,0,0
2015,4,4/7/2015,GV A,GV5,1,E,A,1/1/1,0,1,1,NA,1,NA,NA,1,0,1,1
2015,4,4/7/2015,GV A,GV5,1,E,B,2/2/2,NA,NA,NA,NA,NA,NA,NA,NA,NA,NA,NA
2015,4,4/7/2015,GV A,GV5,1,I,A,3/3/3,0,0,1,NA,1,NA,NA,1,0,1,0
2015,4,4/7/2015,GV A,GV5,1,I,B,4/4/4,0,1,1,NA,1,NA,NA,1,0,1,0
2015,4,4/7/2015,GV B,GV6,1,E,A,3/3/3,0,0,1,NA,1,NA,NA,1,0,0,0
2015,4,4/7/2015,GV B,GV6,1,I,A,1/1/1,0,0,1,NA,0,NA,NA,1,0,0,0
2015,4,4/7/2015,GV B,GV6,1,I,B,2/2/2,0,0,0,NA,0,NA,NA,0,0,0,0
2015,4,4/8/2015,AL2015,AL18,1,E,2,4/4/8,0,1,1,0,0,0,1,1,1,1,1
2015,4,4/8/2015,AL2015,AL18,1,I,1,2/2/7,0,0,1,1,0,0,0,1,1,0,1
2015,4,4/8/2015,AL2015,AL18,1,I,2,5/5/9,0,0,1,1,0,0,0,1,0,1,0
2015,4,4/8/2015,GV A,GV4,1,E,A,1/1/6,0,1,1,NA,1,NA,NA,1,0,1,0
2015,4,4/8/2015,GV A,GV4,1,E,B,2/2/7,0,1,1,NA,1,NA,NA,1,0,1,0
2015,4,4/8/2015,GV A,GV4,1,I,A,3/3/8,0,0,1,NA,1,NA,NA,1,0,1,0
2015,4,4/8/2015,GV A,GV4,1,I,B,4/4/9,0,1,1,NA,1,NA,NA,1,0,1,0
2015,4,4/8/2015,GV B,GV7,1,E,A,1/1/5,NA,NA,NA,NA,NA,NA,NA,NA,NA,NA,NA
2015,4,4/8/2015,GV B,GV7,1,E,B,2/2/6,0,1,1,NA,1,NA,NA,1,0,0,0
2015,4,4/8/2015,GV B,GV7,1,I,A,3/3/7,0,0,1,NA,0,NA,NA,1,0,0,0
2015,4,4/8/2015,GV B,GV7,1,I,B,4/4/8,0,0,1,NA,1,NA,NA,1,0,0,0
2015,4,4/10/2015,AL2015,AL17,1,E,1,3/3/3,0,0,1,0,1,0,1,1,1,0,1
2015,4,4/10/2015,AL2015,AL17,1,E,2,4/4/8,0,0,1,0,0,0,1,1,1,1,1
2015,4,4/10/2015,AL2015,AL17,1,I,1,2/2/7,0,1,0,1,0,0,0,1,0,1,1
2015,4,4/10/2015,AL2015,AL17,1,I,2,5/5/9,0,1,0,1,0,0,1,1,0,0,1
2015,4,4/10/2015,GV B,GV12,1,E,B,2/2/2,0,0,0,NA,1,NA,NA,1,0,0,0
2015,4,4/10/2015,GV B,GV12,1,I,A,3/3/3,0,0,1,NA,1,NA,NA,1,0,0,0
2015,4,4/10/2015,GV B,GV12,1,I,B,4/4/4,0,1,1,NA,1,NA,NA,1,0,1,0
2015,4,4/10/2015,GV A,GV25,1,E,A,3/3/3,0,0,1,NA,1,NA,NA,1,0,1,0
2015,4,4/10/2015,GV A,GV25,1,E,B,4/4/4,0,0,1,NA,1,NA,NA,1,0,0,0
2015,4,4/10/2015,GV A,GV25,1,I,A,1/1/1,0,0,1,NA,1,NA,NA,1,0,1,0
2015,4,4/10/2015,GV A,GV25,1,I,B,2/2/2,0,1,1,NA,1,NA,NA,1,0,1,1
2015,4,4/11/2015,AL2015,AL21,1,E,1,3/3/1,0,0,1,1,0,0,1,1,1,0,0
2015,4,4/11/2015,AL2015,AL21,1,E,2,4/4/4,0,0,1,1,0,0,1,1,1,1,1
2015,4,4/11/2015,AL2015,AL21,1,I,1,2/2/2,0,1,1,1,0,0,1,1,1,1,1
2015,4,4/11/2015,AL2015,AL21,1,I,2,5/5/5,0,1,1,1,1,0,0,1,1,0,1
2015,4,4/11/2015,GV B,GV13,1,E,A,1/1/5,0,1,1,NA,1,NA,NA,1,0,0,0
2015,4,4/11/2015,GV B,GV13,1,E,B,2/2/6,0,1,1,NA,1,NA,NA,1,0,0,0
2015,4,4/11/2015,GV B,GV13,1,I,A,3/3/7,0,1,1,NA,1,NA,NA,1,0,0,0
2015,4,4/11/2015,GV B,GV13,1,I,B,4/4/8,0,1,1,NA,1,NA,NA,1,0,1,0
2015,4,4/11/2015,GV A,GV26,1,E,A,1/1/6,0,1,1,NA,1,NA,NA,1,0,1,0
2015,4,4/11/2015,GV A,GV26,1,E,B,2/2/7,0,0,1,NA,1,NA,NA,1,0,1,0
2015,4,4/11/2015,GV A,GV26,1,I,A,3/3/8,0,0,1,NA,1,NA,NA,1,0,1,0
2015,4,4/11/2015,GV A,GV26,1,I,B,4/4/9,0,1,0,NA,1,NA,NA,1,0,1,0
2015,4,4/13/2015,AL2015,AL16,1,E,1,2/2/2,0,1,1,0,0,0,0,1,1,1,1
2015,4,4/13/2015,AL2015,AL16,1,E,2,3/3/3,0,1,1,1,0,0,1,1,1,0,0
2015,4,4/13/2015,AL2015,AL16,1,I,1,4/4/4,0,1,1,1,0,0,1,1,0,0,0
2015,4,4/13/2015,AL2015,AL16,1,I,2,5/5/5,0,0,1,1,0,0,0,1,1,1,1
2015,4,4/14/2015,AL2015,AL25,1,E,1,4/4/8,0,0,1,1,0,0,1,1,1,0,0
2015,4,4/14/2015,AL2015,AL25,1,E,2,5/5/9,0,0,1,1,0,0,0,1,1,0,0
2015,4,4/14/2015,AL2015,AL25,1,I,1,3/3/7,0,0,1,1,0,0,1,1,1,0,1
2015,4,4/14/2015,AL2015,AL25,1,I,2,2/2/1,0,1,1,1,0,0,1,1,1,0,1
2015,4,4/16/2015,AL2015,AL22,1,E,1,2/2/2,0,1,1,1,1,0,1,1,1,1,1
2015,4,4/16/2015,AL2015,AL22,1,E,2,4/4/4,0,0,1,1,1,0,1,1,1,1,1
2015,4,4/16/2015,AL2015,AL22,1,I,1,3/3/3,0,0,0,1,0,0,0,1,1,1,1
2015,4,4/16/2015,AL2015,AL22,1,I,2,5/5/5,0,0,0,1,0,0,0,0,0,0,0
2015,4,4/17/2015,GV B,GV14,1,E,A,3/3/3,0,1,1,NA,1,NA,NA,1,0,1,0
2015,4,4/17/2015,GV B,GV14,1,E,B,4/4/4,0,0,1,NA,1,NA,NA,1,0,1,0
2015,4,4/17/2015,GV B,GV14,1,I,A,1/1/1,NA,NA,NA,NA,NA,NA,NA,NA,NA,NA,NA
2015,4,4/17/2015,GV B,GV14,1,I,B,2/2/2,NA,NA,NA,NA,NA,NA,NA,NA,NA,NA,NA
2015,4,4/18/2015,AL2015,AL23,1,E,1,2/2/1,0,1,1,0,1,1,1,1,1,1,1
2015,4,4/18/2015,AL2015,AL23,1,E,2,4/4/7,0,1,1,1,1,0,1,1,1,1,1
2015,4,4/18/2015,AL2015,AL23,1,I,1,3/3/8,0,0,0,0,0,0,0,0,0,0,0
2015,4,4/18/2015,AL2015,AL23,1,I,2,5/5/10,0,0,0,0,0,0,0,1,0,0,0
2015,4,4/18/2015,GV B,GV15,1,E,A,3/3/7,0,1,1,NA,1,NA,NA,1,1,1,0
2015,4,4/18/2015,GV B,GV15,1,E,B,4/4/8,0,1,1,NA,1,NA,NA,1,0,1,0
2015,4,4/19/2015,GV A,GV20,1,E,A,3/3/3,0,1,1,NA,1,NA,NA,1,0,1,0
2015,4,4/19/2015,GV A,GV20,1,E,B,4/4/4,0,1,1,NA,1,NA,NA,1,0,1,0
2015,4,4/19/2015,GV A,GV20,1,I,A,1/1/1,NA,NA,NA,NA,NA,NA,NA,NA,NA,NA,NA
2015,4,4/19/2015,GV A,GV20,1,I,B,2/2/2,0,1,1,NA,1,NA,NA,1,0,0,0
2015,4,4/20/2015,GV B,GV1,1,E,A,3/3/3,0,1,1,NA,1,NA,NA,1,0,1,0
2015,4,4/20/2015,GV B,GV1,1,E,B,4/4/4,0,1,1,NA,1,NA,NA,1,0,1,1
2015,4,4/20/2015,GV B,GV1,1,I,B,2/2/2,0,0,1,NA,0,NA,NA,1,0,1,0
2015,4,4/20/2015,GV A,GV21,1,E,A,1/1/6,0,1,1,NA,1,NA,NA,1,0,0,0
2015,4,4/20/2015,GV A,GV21,1,E,B,2/2/7,0,1,1,NA,1,NA,NA,1,0,0,0
2015,4,4/20/2015,GV A,GV21,1,I,A,3/3/8,0,1,1,NA,1,NA,NA,1,0,0,0
2015,4,4/20/2015,GV A,GV21,1,I,B,4/4/9,0,0,1,NA,1,NA,NA,1,0,0,0
2015,4,4/21/2015,GV A,GV23,1,E,A,3/3/3,0,1,1,NA,1,NA,NA,1,0,1,0
2015,4,4/21/2015,GV A,GV23,1,E,B,4/4/4,0,1,1,NA,1,NA,NA,1,0,1,0
2015,4,4/21/2015,GV A,GV23,1,I,A,2/2/2,0,0,1,NA,1,NA,NA,1,0,0,0
2015,4,4/21/2015,GV A,GV23,1,I,B,1/1/10,0,0,0,NA,1,NA,NA,1,0,0,0
2015,4,4/21/2015,GV B,GV24,1,E,A,3/3/7,0,0,1,NA,1,NA,NA,0,1,0,0
2015,4,4/21/2015,GV B,GV24,1,E,B,4/4/8,0,0,1,NA,1,NA,NA,1,0,1,0
2015,4,4/21/2015,GV B,GV24,1,I,A,1/1/5,0,1,0,NA,1,NA,NA,1,0,0,0
2015,4,4/21/2015,GV B,GV24,1,I,B,2/2/6,0,0,0,NA,1,NA,NA,1,0,0,0
2015,4,4/22/2015,AL2015,AL24,1,E,1,5/5/5,0,0,1,0,1,0,1,1,1,0,0
2015,4,4/22/2015,AL2015,AL24,1,E,2,2/2/3,0,0,1,1,0,0,1,1,1,0,0
2015,4,4/22/2015,AL2015,AL24,1,I,1,4/4/4,0,1,1,1,0,0,1,1,1,0,0
2015,4,4/22/2015,AL2015,AL24,1,I,2,3/3/8,0,0,1,1,0,0,1,1,1,0,1
2015,4,4/22/2015,GV A,GV22,1,E,A,3/3/8,0,0,0,NA,0,NA,NA,0,0,0,0
2015,4,4/22/2015,GV A,GV22,1,E,B,4/4/9,0,1,1,NA,1,NA,NA,1,0,0,0
2015,4,4/22/2015,GV A,GV22,1,I,A,1/1/6,0,1,0,NA,1,NA,NA,1,0,0,0
2015,4,4/22/2015,GV A,GV22,1,I,B,2/2/7,0,1,1,NA,1,NA,NA,1,0,0,0
2015,4,4/23/2015,AL2015,AL26,1,E,1,3/3/2,0,1,1,0,0,0,1,1,1,1,0
2015,4,4/23/2015,AL2015,AL26,1,E,2,5/5/9,0,0,1,1,0,1,1,1,1,1,1
2015,4,4/23/2015,AL2015,AL26,1,I,2,2/2/7,0,1,1,1,0,0,0,1,1,1,1
2015,4,4/27/2015,GV A,GV10,1,E,A,3/3/3,0,0,0,NA,0,NA,NA,1,0,0,0
2015,4,4/27/2015,GV A,GV10,1,E,B,4/4/4,0,0,0,NA,0,NA,NA,1,0,0,0
2015,4,4/27/2015,GV A,GV10,1,I,A,2/2/2,0,1,1,NA,0,NA,NA,1,0,0,0
2015,4,4/27/2015,GV A,GV10,1,I,B,1/1/10,0,0,0,NA,0,NA,NA,0,0,0,0
2015,4,4/27/2015,GV B,GV17,1,E,A,3/3/3,0,1,1,NA,1,NA,NA,1,0,0,0
2015,4,4/27/2015,GV B,GV17,1,E,B,4/4/4,0,0,1,NA,1,NA,NA,1,0,0,0
2015,4,4/27/2015,GV B,GV17,1,I,A,1/1/1,0,0,0,NA,1,NA,NA,1,0,0,0
2015,4,4/27/2015,GV B,GV17,1,I,B,2/2/2,0,0,0,NA,1,NA,NA,1,0,0,0
2015,4,4/28/2015,AL2015,AL15,1,E,1,4/4/4,0,0,0,1,0,0,0,0,0,0,0
2015,4,4/28/2015,AL2015,AL15,1,E,2,1/1/5,0,0,1,1,0,0,1,1,1,0,1
2015,4,4/28/2015,AL2015,AL15,1,I,1,2/2/8,0,0,0,0,0,0,0,0,0,0,0
2015,4,4/28/2015,AL2015,AL15,1,I,2,3/3/3,0,0,0,0,0,0,0,0,0,0,0
2015,4,4/28/2015,GV A,GV11,1,E,A,3/3/8,NA,NA,NA,NA,NA,NA,NA,NA,NA,NA,NA
2015,4,4/28/2015,GV A,GV11,1,E,B,4/4/9,0,1,1,NA,1,NA,NA,1,0,0,0
2015,4,4/28/2015,GV A,GV11,1,I,A,1/1/6,NA,NA,NA,NA,NA,NA,NA,NA,NA,NA,NA
2015,4,4/28/2015,GV A,GV11,1,I,B,2/2/7,0,0,1,NA,1,NA,NA,1,0,0,0
2015,4,4/28/2015,GV B,GV16,1,E,B,4/4/8,0,0,1,NA,1,NA,NA,1,0,0,0
2015,4,4/28/2015,GV B,GV16,1,I,B,2/2/6,0,1,1,NA,1,NA,NA,1,0,0,0
2015,4,4/30/2015,AL2015,AL20,1,E,1,3/3/3,0,0,1,1,0,0,0,1,1,1,1
2015,4,4/30/2015,AL2015,AL20,1,E,2,4/4/4,0,0,1,0,0,0,0,1,0,1,0
2015,4,4/30/2015,AL2015,AL20,1,I,1,2/2/5,0,0,1,0,0,0,1,1,1,1,0
2015,4,4/30/2015,AL2015,AL20,1,I,2,1/1/8,0,0,0,0,0,0,0,0,0,0,0
2015,4,4/30/2015,GV A,GV2,2,E,A,3/3/3,0,1,1,NA,1,NA,NA,1,0,0,0
2015,4,4/30/2015,GV A,GV2,2,E,B,4/4/4,NA,NA,NA,NA,NA,NA,NA,NA,NA,NA,NA
2015,4,4/30/2015,GV A,GV2,2,I,A,2/2/2,0,0,1,NA,1,NA,NA,1,0,0,0
2015,4,4/30/2015,GV A,GV2,2,I,B,1/1/10,NA,NA,NA,NA,NA,NA,NA,NA,NA,NA,NA
2015,5,5/1/2015,GV A,GV3,2,E,A,3/3/8,0,0,0,NA,1,NA,NA,1,0,0,0
2015,5,5/1/2015,GV A,GV3,2,I,A,1/1/6,NA,NA,NA,NA,NA,NA,NA,NA,NA,NA,NA
2015,5,5/1/2015,GV B,JC13,1,E,A,3/3/3,NA,NA,NA,NA,NA,NA,NA,NA,NA,NA,NA
2015,5,5/1/2015,GV B,JC13,1,E,B,4/4/4,0,1,1,0,1,0,0,1,0,0,0
2015,5,5/1/2015,GV B,JC13,1,I,A,1/1/1,0,0,0,0,1,0,0,1,0,0,0
2015,5,5/2/2015,GV B,JC14/15,1,E,A,3/3/7,0,0,0,0,1,0,0,1,0,0,0
2015,5,5/2/2015,GV B,JC14/15,1,E,B,4/4/8,0,0,1,0,0,0,0,0,0,1,0
2015,5,5/2/2015,GV B,JC14/15,1,I,A,1/1/5,0,0,0,0,1,0,0,1,0,0,0
2015,5,5/2/2015,GV B,JC14/15,1,I,B,2/2/6,0,0,0,0,1,0,0,0,0,0,0
2015,5,5/3/2015,AL2015,AL19,2,E,1,4/4/4,0,1,1,1,0,0,0,1,0,0,1
2015,5,5/3/2015,AL2015,AL19,2,E,2,1/1/3,0,0,1,0,0,0,0,1,1,0,0
2015,5,5/3/2015,AL2015,AL19,2,I,1,3/3/5,0,0,0,1,0,0,0,0,0,0,0
2015,5,5/3/2015,AL2015,AL19,2,I,2,2/2/8,0,0,1,0,0,0,0,0,0,0,0
2015,5,5/4/2015,AL2015,AL18,2,E,1,3/3/2,0,1,1,0,0,0,1,1,1,1,1
2015,5,5/4/2015,AL2015,AL18,2,E,2,2/2/6,0,0,1,1,0,0,1,1,1,1,1
2015,5,5/4/2015,AL2015,AL18,2,I,1,4/4/10,0,0,1,0,0,0,0,1,0,0,1
2015,5,5/4/2015,AL2015,AL18,2,I,2,1/1/7,0,0,0,1,0,0,0,1,0,0,0
2015,5,5/4/2015,GV A,GV5,2,E,A,2/2/2,0,1,1,NA,1,NA,NA,1,0,0,0
2015,5,5/4/2015,GV A,GV5,2,E,B,1/1/10,0,1,1,NA,1,NA,NA,1,0,0,1
2015,5,5/5/2015,GV A,GV4,2,E,A,3/3/8.,0,1,1,NA,1,NA,NA,1,0,0,0
2015,5,5/5/2015,GV A,GV4,2,E,B,5/5/9,0,1,1,NA,1,NA,NA,1,0,0,0
2015,5,5/5/2015,GV A,GV4,2,I,B,2/2/7,0,0,1,NA,0,NA,NA,1,0,0,0
2015,5,5/5/2015,GV B,GV8,2,E,A,3/3/3,0,1,1,NA,1,NA,NA,1,0,0,0
2015,5,5/5/2015,GV B,GV8,2,E,B,4/4/4,0,1,1,NA,1,NA,NA,1,0,1,0
2015,5,5/5/2015,GV B,GV8,2,I,A,1/1/1,NA,NA,NA,NA,NA,NA,NA,NA,NA,NA,NA
2015,5,5/5/2015,GV B,GV8,2,I,B,2/2/2,NA,NA,NA,NA,NA,NA,NA,NA,NA,NA,NA
2015,5,5/5/2015,GV B,GV9,2,E,A,3/3/7,0,1,1,NA,1,NA,NA,1,0,0,1
2015,5,5/5/2015,GV B,GV9,2,E,B,4/4/8,0,1,1,NA,1,NA,NA,1,0,0,0
2015,5,5/6/2015,GV A,GV26,2,E,A,3/3/8,0,0,1,NA,1,NA,NA,1,0,0,0
2015,5,5/6/2015,GV A,GV26,2,E,B,5/5/9,0,1,0,NA,1,NA,NA,1,0,0,0
2015,5,5/6/2015,GV A,GV26,2,I,A,1/1/6,0,0,1,NA,0,NA,NA,1,0,0,0
2015,5,5/6/2015,GV A,GV26,2,I,B,2/2/7,0,0,1,NA,0,NA,NA,1,0,0,0
2015,5,5/6/2015,GV B,GV6,2,E,A,3/3/3,0,1,1,NA,1,NA,NA,1,0,0,0
2015,5,5/6/2015,GV B,GV6,2,E,B,4/4/4,0,1,1,NA,1,NA,NA,1,0,1,0
2015,5,5/6/2015,GV B,GV6,2,I,A,1/1/1,0,0,1,NA,0,NA,NA,1,0,1,0
2015,5,5/6/2015,GV B,GV6,2,I,B,2/2/2,0,0,0,NA,0,NA,NA,0,0,1,0
2015,5,5/7/2015,AL2015,AL21,2,E,1,3/3/8,0,1,1,1,0,0,0,1,1,0,1
2015,5,5/7/2015,AL2015,AL21,2,E,2,4/4/4,0,1,1,0,1,1,1,1,1,0,1
2015,5,5/7/2015,AL2015,AL21,2,I,1,1/1/3,0,1,1,1,0,0,1,1,0,0,0
2015,5,5/7/2015,AL2015,AL21,2,I,2,2/2/5,0,0,1,0,0,0,0,1,1,0,1
2015,5,5/7/2015,GV A,GV25,2,E,A,3/3/3,0,0,1,NA,1,NA,NA,1,0,1,0
2015,5,5/7/2015,GV A,GV25,2,E,B,5/5/4,0,0,1,NA,1,NA,NA,1,0,1,0
2015,5,5/7/2015,GV A,GV25,2,I,A,2/2/2,0,0,1,NA,1,NA,NA,1,0,0,0
2015,5,5/7/2015,GV A,GV25,2,I,B,1/1/10,0,0,1,NA,0,NA,NA,1,0,0,0
2015,5,5/8/2015,AL2015,AL17,2,E,1,1/1/6,0,1,1,0,0,0,1,1,1,0,1
2015,5,5/8/2015,AL2015,AL17,2,E,2,2/2/2,0,1,1,0,0,0,1,1,1,0,1
2015,5,5/8/2015,AL2015,AL17,2,I,1,3/3/7,0,1,1,0,0,0,1,1,0,1,1
2015,5,5/8/2015,AL2015,AL17,2,I,2,4/4/10,0,1,1,0,0,0,1,1,1,0,1
2015,5,5/8/2015,GV B,GV7,2,E,A,3/3/7,0,1,1,NA,1,NA,NA,1,0,0,0
2015,5,5/8/2015,GV B,GV7,2,E,B,4/4/8,0,1,1,NA,1,NA,NA,1,0,0,0
2015,5,5/8/2015,GV B,GV7,2,I,A,1/1/5,0,0,0,NA,0,NA,NA,0,0,0,0
2015,5,5/8/2015,GV B,GV7,2,I,B,2/2/6,0,1,1,NA,1,NA,NA,1,0,0,0
2015,5,5/10/2015,GV A,GV20,2,E,A,3/3/3,0,1,1,NA,1,NA,NA,1,0,0,0
2015,5,5/10/2015,GV A,GV20,2,E,B,5/5/4,0,1,1,NA,1,NA,NA,1,0,0,0
2015,5,5/10/2015,GV A,GV20,2,I,A,2/2/2,NA,NA,NA,NA,NA,NA,NA,NA,NA,NA,NA
2015,5,5/10/2015,GV A,GV20,2,I,B,1/1/10,0,1,1,NA,1,NA,NA,1,1,0,0
2015,5,5/11/2015,AL2015,AL16,2,E,1,4/4/10,0,1,1,1,0,0,1,1,1,1,1
2015,5,5/11/2015,AL2015,AL16,2,E,2,2/2/2,0,1,1,0,0,0,1,1,1,0,1
2015,5,5/11/2015,AL2015,AL16,2,I,1,1/1/1,0,0,1,0,0,0,0,1,0,0,0
2015,5,5/11/2015,AL2015,AL16,2,I,2,3/3/6,0,0,1,1,0,0,0,1,1,0,1
2015,5,5/11/2015,GV A,GV21,2,E,A,3/3/8,0,0,1,NA,1,NA,NA,1,0,0,0
2015,5,5/11/2015,GV A,GV21,2,E,B,5/5/9,0,1,1,NA,1,NA,NA,1,0,0,0
2015,5,5/11/2015,GV A,GV21,2,I,B,4/4/7,0,0,1,NA,1,NA,NA,1,0,0,0
2015,5,5/12/2015,AL2015,AL25,2,E,1,1/1/4,0,0,1,0,0,0,1,1,1,0,0
2015,5,5/12/2015,AL2015,AL25,2,E,2,2/2/8,0,0,1,1,0,0,1,1,1,1,0
2015,5,5/12/2015,AL2015,AL25,2,I,2,4/4/3,0,0,1,0,0,1,1,1,1,0,0
2015,5,5/12/2015,GV A,GV12,2,E,A,3/3/3,0,1,1,NA,1,NA,NA,1,0,1,0
2015,5,5/12/2015,GV A,GV12,2,E,B,4/4/4,0,1,1,NA,1,NA,NA,1,0,0,0
2015,5,5/12/2015,GV A,GV12,2,I,A,1/1/1,NA,NA,NA,NA,NA,NA,NA,NA,NA,NA,NA
2015,5,5/12/2015,GV A,GV12,2,I,B,2/2/2,NA,NA,NA,NA,NA,NA,NA,NA,NA,NA,NA
2015,5,5/12/2015,GV B,GV13,2,E,A,3/3/7,0,1,1,NA,1,NA,NA,1,0,1,0
2015,5,5/12/2015,GV B,GV13,2,E,B,4/4/8,0,0,0,NA,1,NA,NA,1,0,0,0
2015,5,5/12/2015,GV A,GV22,2,E,A,5/5/2,0,0,1,NA,1,NA,NA,1,1,1,0
2015,5,5/12/2015,GV A,GV22,2,E,B,1/1/10,0,1,1,NA,1,NA,NA,1,1,1,0
2015,5,5/12/2015,GV A,GV22,2,I,A,3/3/3,0,1,1,NA,1,NA,NA,1,0,1,1
2015,5,5/12/2015,GV A,GV22,2,I,B,4/4/4,NA,NA,NA,NA,NA,NA,NA,NA,NA,NA,NA
2015,5,5/14/2015,AL2015,AL22,2,E,1,1/1/1,0,1,1,0,1,0,1,1,1,1,1
2015,5,5/14/2015,AL2015,AL22,2,E,2,2/2/2,0,0,0,0,0,0,0,1,0,1,0
2015,5,5/14/2015,AL2015,AL22,2,I,1,3/3/6,0,0,0,0,0,0,0,0,1,1,1
2015,5,5/14/2015,AL2015,AL22,2,I,2,4/4/7,0,1,1,0,1,0,1,1,1,1,1
2015,5,5/14/2015,GV A,GV23,2,E,A,1/1/6,0,0,1,NA,1,NA,NA,1,0,0,0
2015,5,5/14/2015,GV A,GV23,2,E,B,5/5/7,0,1,1,NA,1,NA,NA,1,0,0,0
2015,5,5/14/2015,GV A,GV23,2,I,A,3/3/8,0,0,0,NA,0,NA,NA,1,0,0,0
2015,5,5/15/2015,AL2015,AL23,2,E,1,2/2/8,0,0,1,0,0,0,1,1,1,1,0
2015,5,5/15/2015,AL2015,AL23,2,E,2,1/1/3,0,0,1,1,0,0,1,1,1,1,0
2015,5,5/15/2015,AL2015,AL23,2,I,1,3/3/10,0,0,0,0,0,0,0,0,0,0,0
2015,5,5/15/2015,AL2015,AL23,2,I,2,4/4/9,0,0,0,0,0,0,0,0,0,0,0
2015,5,5/15/2015,GV B,GV1,2,E,A,3/3/3,0,1,1,NA,1,NA,NA,1,0,0,0
2015,5,5/15/2015,GV B,GV1,2,E,B,4/4/4,0,1,1,NA,1,NA,NA,1,0,0,0
2015,5,5/15/2015,GV B,GV1,2,I,A,1/1/1,NA,NA,NA,NA,NA,NA,NA,NA,NA,NA,NA
2015,5,5/15/2015,GV B,GV1,2,I,B,2/2/2,0,0,0,NA,0,NA,NA,0,0,0,0
2015,5,5/15/2015,GV B,GV24,2,E,A,3/3/7,0,0,1,NA,1,NA,NA,1,0,0,0
2015,5,5/15/2015,GV B,GV24,2,E,B,4/4/8.,0,1,1,NA,1,NA,NA,1,0,1,0
2015,5,5/15/2015,GV B,GV24,2,I,B,2/2/6,0,1,1,NA,1,NA,NA,1,0,0,0
2015,5,5/16/2015,GV B,GV14,2,E,A,4/4/4,0,1,1,NA,1,NA,NA,1,0,0,0
2015,5,5/16/2015,GV B,GV14,2,E,B,3/3/3,0,1,1,NA,1,NA,NA,1,0,1,0
2015,5,5/16/2015,GV B,GV14,2,I,A,1/1/1,NA,NA,NA,NA,NA,NA,NA,NA,NA,NA,NA
2015,5,5/16/2015,GV B,GV14,2,I,B,2/2/2,NA,NA,NA,NA,NA,NA,NA,NA,NA,NA,NA
2015,5,5/17/2015,AL2015,AL29,1,E,1,3/3/5,0,1,1,1,0,0,1,1,1,1,0
2015,5,5/17/2015,AL2015,AL29,1,E,2,4/4/4,0,0,1,1,0,0,0,1,0,0,1
2015,5,5/17/2015,AL2015,AL29,1,I,1,1/1/1,0,1,1,1,0,0,0,1,0,0,1
2015,5,5/17/2015,AL2015,AL29,1,I,2,2/2/2,0,1,0,1,0,0,0,0,1,1,1
2015,5,5/18/2015,AL2015,AL28,1,E,1,3/3/8,0,1,1,1,0,0,0,1,1,1,0
2015,5,5/18/2015,AL2015,AL28,1,E,2,4/4/9,0,1,1,1,0,0,1,1,1,1,1
2015,5,5/18/2015,AL2015,AL28,1,I,1,1/1/6,0,0,1,1,0,0,1,0,0,1,1
2015,5,5/18/2015,AL2015,AL28,1,I,2,2/2/7,0,0,0,0,0,0,1,0,0,0,0
2015,5,5/18/2015,GV B,GV15,2,E,A,3/3/7,0,1,1,NA,1,NA,NA,1,0,0,0
2015,5,5/18/2015,GV B,GV15,2,E,B,4/4/8,0,1,1,NA,1,NA,NA,1,0,0,0
2015,5,5/19/2015,GV B,GV19,1,E,A,3/3/3,0,1,1,NA,1,NA,NA,1,0,0,0
2015,5,5/19/2015,GV B,GV19,1,E,B,4/4/4,NA,NA,NA,NA,NA,NA,NA,NA,NA,NA,NA
2015,5,5/19/2015,GV B,GV19,1,I,A,5/5/2,0,1,1,NA,1,NA,NA,1,0,1,0
2015,5,5/19/2015,GV B,GV19,1,I,B,1/1/10,0,1,1,NA,1,NA,NA,1,0,0,0
2015,5,5/20/2015,AL2015,AL20,2,E,1,1/1/1,0,0,1,1,0,0,0,1,1,0,0
2015,5,5/20/2015,AL2015,AL20,2,E,2,2/2/2,0,0,1,0,0,0,1,1,1,0,0
2015,5,5/20/2015,AL2015,AL20,2,I,1,3/3/3,0,0,0,0,0,0,0,0,0,0,0
2015,5,5/20/2015,AL2015,AL20,2,I,2,4/4/4,0,0,1,0,0,0,0,1,1,0,0
2015,5,5/21/2015,AL2015,AL15,2,E,1,3/3/7,0,0,1,0,0,0,0,0,1,0,1
2015,5,5/21/2015,AL2015,AL15,2,E,2,4/4/8,0,0,0,0,0,0,0,0,0,0,0
2015,5,5/21/2015,AL2015,AL15,2,I,1,1/1/5,0,0,0,0,0,0,0,0,0,0,0
2015,5,5/21/2015,AL2015,AL15,2,I,2,2/2/6,0,0,0,0,0,0,0,0,0,0,0
2015,5,5/21/2015,GV A,GV18,1,E,A,3/3/8,0,1,1,NA,1,NA,NA,1,1,0,0
2015,5,5/21/2015,GV A,GV18,1,I,A,1/1/6,0,1,1,NA,1,NA,NA,1,1,0,0
2015,5,5/21/2015,GV A,GV18,1,I,B,5/5/7,0,0,1,NA,1,NA,NA,1,0,0,0
2015,5,5/23/2015,AL2015,AL24,2,E,1,1/1/1,0,1,1,0,0,0,0,1,1,1,1
2015,5,5/23/2015,AL2015,AL24,2,E,2,2/2/2,0,1,1,0,0,0,0,1,1,1,1
2015,5,5/23/2015,AL2015,AL24,2,I,1,3/3/3,0,1,1,0,0,0,1,1,1,1,1
2015,5,5/23/2015,AL2015,AL24,2,I,2,4/4/4,0,1,1,0,0,0,1,1,1,1,1
2015,5,5/23/2015,GV A,GV10,2,E,A,3/3/3,0,0,1,NA,1,NA,NA,0,0,0,0
2015,5,5/23/2015,GV A,GV10,2,E,B,4/4/4,0,0,0,NA,0,NA,NA,1,0,0,0
2015,5,5/23/2015,GV A,GV10,2,I,A,1/1/1,NA,NA,NA,NA,NA,NA,NA,NA,NA,NA,NA
2015,5,5/23/2015,GV A,GV10,2,I,B,2/2/2,NA,NA,NA,NA,NA,NA,NA,NA,NA,NA,NA
2015,5,5/23/2015,GV A,GV11,2,E,A,3/3/7,0,0,1,NA,1,NA,NA,1,0,1,0
2015,5,5/23/2015,GV A,GV11,2,E,B,4/4/8,0,1,1,NA,1,NA,NA,1,0,0,0
2015,5,5/24/2015,AL2015,AL26,2,E,1,1/1/5,0,1,1,0,0,0,1,1,1,0,0
2015,5,5/24/2015,AL2015,AL26,2,E,2,2/2/6,0,0,0,0,0,0,0,0,0,0,0
2015,5,5/24/2015,AL2015,AL26,2,I,1,3/3/7,0,1,1,0,0,0,1,1,1,0,1
2015,5,5/24/2015,AL2015,AL26,2,I,2,4/4/8,0,1,1,0,0,0,1,1,1,1,0
2015,5,5/24/2015,GV A,GV2,3,E,A,3/3/3,0,1,1,NA,1,NA,NA,1,0,0,1
2015,5,5/24/2015,GV A,GV2,3,E,B,4/4/4,NA,NA,NA,NA,NA,NA,NA,NA,NA,NA,NA
2015,5,5/24/2015,GV A,GV2,3,I,A,1/1/1,NA,NA,NA,NA,NA,NA,NA,NA,NA,NA,NA
2015,5,5/24/2015,GV A,GV2,3,I,B,5/5/2,0,1,1,NA,1,NA,NA,1,0,0,1
2015,5,5/25/2015,GV B,GV17,2,E,A,3/3/3,0,0,1,NA,1,NA,NA,1,0,0,0
2015,5,5/25/2015,GV B,GV17,2,I,B,2/2/2,NA,NA,NA,NA,NA,NA,NA,NA,NA,NA,NA
2015,5,5/26/2015,AL2015,AL18,3,E,1,1/1/6,0,1,1,1,0,0,1,1,1,1,1
2015,5,5/26/2015,AL2015,AL18,3,E,2,2/2/2,0,1,1,1,0,0,1,1,1,1,1
2015,5,5/26/2015,AL2015,AL18,3,I,1,3/3/3,0,0,1,1,0,0,0,1,1,1,1
2015,5,5/26/2015,AL2015,AL18,3,I,2,4/4/4,0,0,1,1,0,0,0,1,1,0,0
2015,5,5/27/2015,AL2015,AL19,3,E,1,1/1/1,0,1,1,1,1,0,1,1,1,1,1
2015,5,5/27/2015,AL2015,AL19,3,E,2,2/2/9,0,1,1,0,0,0,1,1,1,1,1
2015,5,5/27/2015,AL2015,AL19,3,I,1,3/3/7,0,1,1,1,0,0,0,1,1,0,1
2015,5,5/27/2015,AL2015,AL19,3,I,2,4/4/8,0,1,1,1,0,0,0,1,1,0,1
2015,5,5/27/2015,GV B,GV16,2,E,A,3/3/7,0,1,0,NA,1,NA,NA,1,0,0,0
2015,5,5/27/2015,GV B,GV16,2,E,B,4/4/8,0,1,1,NA,1,NA,NA,1,0,0,0
2015,5,5/27/2015,GV B,GV16,2,I,A,1/1/5,0,0,0,NA,1,NA,NA,1,0,0,0
2015,5,5/27/2015,GV B,GV16,2,I,B,2/2/6,0,1,1,NA,1,NA,NA,1,0,0,0
2015,5,5/27/2015,GV A,GV3,3,E,A,1/1/6,0,0,0,NA,1,NA,NA,1,0,0,0
2015,5,5/27/2015,GV A,GV3,3,E,B,5/5/7,0,1,0,NA,1,NA,NA,1,0,0,0
2015,5,5/29/2015,AL2015,AL17,3,E,1,3/3/3,0,0,1,0,0,0,1,1,1,0,0
2015,5,5/29/2015,AL2015,AL17,3,E,2,4/4/4,0,0,1,0,0,0,1,1,0,0,0
2015,5,5/29/2015,AL2015,AL17,3,I,1,1/1/1,0,1,1,0,0,0,0,1,0,1,1
2015,5,5/29/2015,AL2015,AL17,3,I,2,2/2/2,1,1,1,1,0,0,1,1,1,1,1
2015,5,5/30/2015,AL2015,AL21,3,E,1,3/3/7,0,0,1,1,0,0,0,1,1,0,0
2015,5,5/30/2015,AL2015,AL21,3,E,2,4/4/8,0,0,1,1,0,0,0,1,1,0,0
2015,5,5/30/2015,AL2015,AL21,3,I,1,1/1/5,0,1,1,1,0,0,0,1,1,0,0
2015,5,5/30/2015,AL2015,AL21,3,I,2,2/2/6,0,1,1,0,0,0,0,1,1,0,0
2015,5,5/31/2015,GV A,GV5,3,E,A,3/3/3,0,0,0,NA,0,NA,NA,0,0,0,0
2015,5,5/31/2015,GV A,GV5,3,E,B,4/4/4,0,1,1,NA,1,NA,NA,1,0,0,0
2015,5,5/31/2015,GV A,GV5,3,I,A,5/5/2,0,1,1,NA,1,NA,NA,1,0,0,1
2015,5,5/31/2015,GV A,GV5,3,I,B,1/1/10,0,0,1,NA,0,NA,NA,1,0,0,0
2015,5,5/31/2015,GV B,GV8,3,E,A,3/3/7,0,1,1,NA,1,NA,NA,1,0,1,0
2015,5,5/31/2015,GV B,GV8,3,E,B,4/4/8,0,1,1,NA,1,NA,NA,1,0,0,0
2015,5,5/31/2015,GV B,GV8,3,I,A,1/1/5,0,1,1,NA,1,NA,NA,1,0,0,0
2015,5,5/31/2015,GV B,GV8,3,I,B,2/2/6,0,0,1,NA,1,NA,NA,1,0,0,0
2015,6,6/1/2015,AL2015,AL28,2,E,1,3/3/3,0,1,1,NA,0,0,0,1,1,1,1
2015,6,6/1/2015,AL2015,AL28,2,E,2,4/4/4,0,1,1,NA,0,0,0,1,1,1,1
2015,6,6/1/2015,AL2015,AL28,2,I,1,1/1/1,0,1,0,NA,0,0,0,0,1,1,1
2015,6,6/1/2015,AL2015,AL28,2,I,2,2/2/2,0,1,0,NA,0,0,0,0,1,1,1
2015,6,6/1/2015,GV A,GV4,3,E,A,3/3/8,0,1,1,NA,1,NA,NA,1,0,0,0
2015,6,6/1/2015,GV A,GV4,3,E,B,4/4/9,0,1,1,NA,1,NA,NA,1,0,0,0
2015,6,6/1/2015,GV A,GV4,3,I,A,1/1/6,0,0,1,NA,1,NA,NA,1,0,1,0
2015,6,6/1/2015,GV A,GV4,3,I,B,5/5/7,0,0,1,NA,1,NA,NA,1,0,0,0
2015,6,6/1/2015,GV B,GV9,3,E,A,3/3/3,0,0,1,NA,1,NA,NA,1,0,1,0
2015,6,6/1/2015,GV B,GV9,3,E,B,4/4/4,0,0,1,NA,1,NA,NA,1,0,1,0
2015,6,6/1/2015,GV B,GV9,3,I,A,1/1/5,NA,NA,NA,NA,NA,NA,NA,NA,NA,NA,NA
2015,6,6/1/2015,GV B,GV9,3,I,B,2/2/6,0,0,1,NA,0,NA,NA,1,0,1,0
2015,6,6/2/2015,AL2015,AL27,1,E,1,1/1/5,0,1,1,NA,0,0,1,1,1,1,1
2015,6,6/2/2015,AL2015,AL27,1,E,2,2/2/6,0,1,1,NA,0,0,1,1,1,0,1
2015,6,6/2/2015,AL2015,AL27,1,I,1,3/3/7,0,1,1,NA,0,0,0,0,0,0,1
2015,6,6/2/2015,AL2015,AL27,1,I,2,4/4/8,0,1,1,NA,0,0,0,0,0,0,0
2015,6,6/3/2015,GV A,GV25,3,E,A,3/3/3,0,1,1,NA,1,NA,NA,1,0,0,0
2015,6,6/3/2015,GV A,GV25,3,E,B,4/4/4,0,0,1,NA,1,NA,NA,1,0,0,0
2015,6,6/3/2015,GV A,GV25,3,I,B,1/1/10,0,0,1,NA,1,NA,NA,1,0,1,0
2015,6,6/3/2015,GV B,JC14/15,2,E,B,4/4/4,0,0,1,NA,1,0,0,1,0,0,0
2015,6,6/3/2015,GV B,JC14/15,2,I,A,1/1/5,0,1,0,NA,1,0,0,1,0,0,0
2015,6,6/4/2015,GV A,GV26,3,E,A,3/3/8,0,0,0,NA,0,NA,NA,1,0,0,0
2015,6,6/4/2015,GV A,GV26,3,E,B,4/4/9,0,0,0,NA,0,NA,NA,0,0,0,0
2015,6,6/4/2015,GV A,GV26,3,I,A,1/1/6,0,0,1,NA,1,NA,NA,1,0,0,0
2015,6,6/4/2015,GV A,GV26,3,I,B,5/5/7,0,0,1,NA,1,NA,NA,1,0,0,0
2015,6,6/4/2015,GV B,JC13,2,E,A,3/3/7,0,0,0,NA,0,0,0,0,0,0,0
2015,6,6/4/2015,GV B,JC13,2,E,B,4/4/8,0,0,0,NA,0,0,0,0,0,0,0
2015,6,6/4/2015,GV B,JC13,2,I,A,1/1/1,0,0,0,NA,1,0,0,1,0,0,0
2015,6,6/4/2015,GV B,JC13,2,I,B,NOT DEPLOYED,NA,NA,NA,NA,NA,NA,NA,NA,NA,NA,NA
2015,6,6/9/2015,AL2015,AL16,3,E,1,1/1/1,0,1,1,NA,0,0,1,1,1,1,0
2015,6,6/9/2015,AL2015,AL16,3,E,2,2/2/2,0,1,1,NA,0,0,1,1,1,1,1
2015,6,6/9/2015,AL2015,AL16,3,I,1,3/3/3,0,0,1,NA,0,0,1,1,1,0,0
2015,6,6/9/2015,AL2015,AL16,3,I,2,4/4/4,0,0,1,NA,0,0,1,1,1,1,0
2015,6,6/10/2015,AL2015,AL25,3,E,1,1/1/5,0,1,0,NA,0,0,0,1,0,0,0
2015,6,6/10/2015,AL2015,AL25,3,E,2,2/2/6,0,1,1,NA,0,0,0,1,1,0,0
2015,6,6/10/2015,AL2015,AL25,3,I,1,3/3/7,0,0,1,NA,0,0,1,1,1,1,0
2015,6,6/10/2015,AL2015,AL25,3,I,2,4/4/8,0,1,1,NA,0,0,1,1,1,1,0
2015,6,6/10/2015,GV A,GV19,2,E,A,3/3/3,0,1,0,NA,1,NA,NA,1,0,0,0
2015,6,6/10/2015,GV A,GV19,2,E,B,4/4/4,0,0,1,NA,1,NA,NA,1,0,0,0
2015,6,6/10/2015,GV B,GV6,3,E,A,3/3/3,0,1,1,NA,1,NA,NA,1,0,0,0
2015,6,6/10/2015,GV B,GV6,3,E,B,4/4/4,0,1,1,NA,1,NA,NA,1,0,1,0
2015,6,6/10/2015,GV B,GV6,3,I,A,1/1/1,NA,NA,NA,NA,NA,NA,NA,NA,NA,NA,NA
2015,6,6/10/2015,GV B,GV6,3,I,B,2/2/2,NA,NA,NA,NA,NA,NA,NA,NA,NA,NA,NA
2015,6,6/11/2015,GV A,GV18,2,E,A,3/3/8,0,1,0,NA,1,NA,NA,1,0,0,0
2015,6,6/11/2015,GV A,GV18,2,E,B,4/4/9,0,0,0,NA,0,NA,NA,1,0,0,0
2015,6,6/11/2015,GV A,GV18,2,I,A,1/1/6,0,1,1,NA,1,NA,NA,1,1,1,0
2015,6,6/11/2015,GV A,GV18,2,I,B,5/5/7,0,1,1,NA,1,NA,NA,1,1,1,0
2015,6,6/11/2015,GV B,GV7,3,E,A,3/3/7,0,1,1,NA,1,NA,NA,1,0,0,0
2015,6,6/11/2015,GV B,GV7,3,E,B,4/4/8,0,0,0,NA,1,NA,NA,1,0,0,0
2015,6,6/11/2015,GV B,GV7,3,I,A,1/1/5,0,0,0,NA,0,NA,NA,0,0,0,0
2015,6,6/11/2015,GV B,GV7,3,I,B,2/2/6,0,0,1,NA,1,NA,NA,1,0,0,0
2015,6,6/12/2015,AL2015,AL23,3,E,1,1/1/1,0,1,1,NA,0,0,1,1,0,1,0
2015,6,6/12/2015,AL2015,AL23,3,E,2,2/2/2,0,1,1,NA,1,0,1,1,1,1,0
2015,6,6/12/2015,AL2015,AL23,3,I,1,3/3/3,0,0,0,NA,0,0,0,0,0,0,0
2015,6,6/12/2015,AL2015,AL23,3,I,2,4/4/4,0,0,0,NA,0,0,0,0,0,0,0
2015,6,6/13/2015,AL2015,AL22,3,E,1,1/1/5,0,1,1,NA,1,0,1,1,1,1,1
2015,6,6/13/2015,AL2015,AL22,3,E,2,2/2/6,0,1,1,NA,0,0,1,1,1,1,0
2015,6,6/13/2015,AL2015,AL22,3,I,1,3/3/7,0,1,1,NA,0,0,0,1,1,0,1
2015,6,6/13/2015,AL2015,AL22,3,I,2,4/4/8,0,0,1,NA,0,0,0,1,0,0,1
2015,6,6/13/2015,GV B,GV12,3,E,A,3/3/7,0,1,0,NA,1,NA,NA,1,0,0,0
2015,6,6/13/2015,GV B,GV12,3,E,B,4/4/8,0,1,0,NA,1,NA,NA,1,0,0,0
2015,6,6/13/2015,GV B,GV12,3,I,A,1/1/5,0,0,0,NA,0,NA,NA,0,0,0,0
2015,6,6/13/2015,GV B,GV12,3,I,B,2/2/6,0,1,1,NA,1,NA,NA,1,0,0,0
2015,6,6/13/2015,GV A,GV22,3,E,A,3/3/3,0,1,1,NA,1,NA,NA,1,0,0,0
2015,6,6/13/2015,GV A,GV22,3,E,B,4/4/4,0,0,1,NA,1,NA,NA,1,1,0,0
2015,6,6/13/2015,GV A,GV22,3,I,A,5/5/2,0,1,1,NA,1,NA,NA,1,0,0,0
2015,6,6/13/2015,GV A,GV22,3,I,B,1/1/10,0,1,1,NA,1,NA,NA,1,0,0,0
2015,6,6/14/2015,GV B,GV13,3,E,A,3/3/3,0,0,0,NA,0,NA,NA,0,0,0,0
2015,6,6/14/2015,GV B,GV13,3,E,B,4/4/4,0,0,1,NA,1,NA,NA,1,0,0,0
2015,6,6/14/2015,GV B,GV13,3,I,A,1/1/11,0,0,1,NA,1,NA,NA,1,0,0,0
2015,6,6/14/2015,GV B,GV13,3,I,B,2/2/12,0,1,1,NA,1,NA,NA,1,0,0,0
2015,6,6/14/2015,GV A,GV23,3,E,A,3/3/8,0,1,1,NA,1,NA,NA,1,0,0,0
2015,6,6/14/2015,GV A,GV23,3,E,B,4/4/9,0,1,1,NA,1,NA,NA,1,0,0,0
2015,6,6/14/2015,GV A,GV23,3,I,A,1/1/6,0,0,0,NA,1,NA,NA,1,0,0,0
2015,6,6/14/2015,GV A,GV23,3,I,B,5/5/7,0,0,0,NA,0,NA,NA,1,0,0,0
2015,6,6/16/2015,AL2015,AL26,3,E,1,1/1/1,0,1,1,NA,0,0,1,1,1,1,0
2015,6,6/16/2015,AL2015,AL26,3,E,2,2/2/2,0,1,1,NA,1,0,1,1,1,1,0
2015,6,6/16/2015,AL2015,AL26,3,I,1,3/3/3,0,1,1,NA,0,0,1,1,1,0,0
2015,6,6/16/2015,AL2015,AL26,3,I,2,4/4/4,0,1,1,NA,1,0,1,1,1,1,0
2015,6,6/16/2015,GV B,GV14,3,E,A,3/3/3,0,1,1,NA,1,NA,NA,1,0,0,0
2015,6,6/16/2015,GV B,GV14,3,E,B,4/4/4,0,1,1,NA,1,NA,NA,1,0,0,0
2015,6,6/16/2015,GV B,GV14,3,I,A,1/1/11,0,0,0,NA,1,NA,NA,0,0,0,0
2015,6,6/16/2015,GV B,GV14,3,I,B,2/2/12,0,1,1,NA,1,NA,NA,1,0,0,0
2015,6,6/16/2015,GV A,GV20,3,E,A,3/3/3,0,1,1,NA,1,NA,NA,1,0,0,0
2015,6,6/16/2015,GV A,GV20,3,E,B,4/4/4,0,1,1,NA,1,NA,NA,1,0,0,0
2015,6,6/16/2015,GV A,GV20,3,I,A,5/5/2,0,1,1,NA,1,NA,NA,1,0,1,1
2015,6,6/16/2015,GV A,GV20,3,I,B,1/1/10,0,1,0,NA,1,NA,NA,1,0,0,0
2015,6,6/17/2015,AL2015,AL24,3,E,1,1/1/5,0,1,1,NA,1,1,1,1,1,1,0
2015,6,6/17/2015,AL2015,AL24,3,E,2,2/2/6,0,1,1,NA,1,1,1,1,1,1,0
2015,6,6/17/2015,AL2015,AL24,3,I,1,3/3/7,0,1,1,NA,1,0,1,1,1,1,1
2015,6,6/17/2015,AL2015,AL24,3,I,2,4/4/8,0,1,1,NA,1,0,0,1,1,1,0
2015,6,6/17/2015,GV B,GV15,3,E,A,3/3/7,0,1,1,NA,1,NA,NA,1,0,1,0
2015,6,6/17/2015,GV B,GV15,3,E,B,4/4/8,0,1,1,NA,1,NA,NA,1,0,0,0
2015,6,6/17/2015,GV B,GV15,3,I,A,1/1/5,0,0,0,NA,0,NA,NA,0,0,0,0
2015,6,6/17/2015,GV B,GV15,3,I,B,2/2/6,0,1,1,NA,0,NA,NA,1,0,1,0
2015,6,6/17/2015,GV A,GV21,3,E,A,3/3/8,0,1,1,NA,1,NA,NA,1,0,1,1
2015,6,6/17/2015,GV A,GV21,3,E,B,4/4/9,0,1,1,NA,1,NA,NA,1,0,0,0
2015,6,6/17/2015,GV A,GV21,3,I,A,1/1/6,NA,NA,NA,NA,NA,NA,NA,NA,NA,NA,NA
2015,6,6/17/2015,GV A,GV21,3,I,B,5/5/7,0,1,1,NA,1,NA,NA,1,0,0,0
2015,6,6/18/2015,AL2015,AL20,3,E,1,1/1/1,0,1,1,NA,0,0,0,1,1,0,0
2015,6,6/18/2015,AL2015,AL20,3,E,2,2/2/2,0,1,1,NA,0,0,0,1,1,0,0
2015,6,6/18/2015,AL2015,AL20,3,I,1,3/3/3,0,0,1,NA,0,0,1,1,1,1,0
2015,6,6/18/2015,AL2015,AL20,3,I,2,4/4/4,0,0,0,NA,0,0,0,1,0,0,0
2015,6,6/19/2015,AL2015,AL15,3,E,1,1/1/5,0,1,1,NA,0,0,1,1,1,1,0
2015,6,6/19/2015,AL2015,AL15,3,E,2,2/2/6,0,1,1,NA,1,0,1,1,1,1,1
2015,6,6/19/2015,AL2015,AL15,3,I,1,3/3/7,0,0,0,NA,0,0,0,0,0,0,0
2015,6,6/19/2015,AL2015,AL15,3,I,2,4/4/8,0,0,0,NA,0,0,0,0,0,0,0
2015,6,6/19/2015,GV A,GV11,3,E,A,3/3/3,0,1,1,NA,1,NA,NA,1,0,0,0
2015,6,6/19/2015,GV A,GV11,3,E,B,4/4/4,0,1,1,NA,1,NA,NA,1,0,0,0
2015,6,6/19/2015,GV A,GV11,3,I,B,1/1/10,0,0,0,NA,1,NA,NA,1,0,0,0
2015,6,6/19/2015,GV B,GV27,1,E,A,3/3/7,0,1,1,NA,1,NA,NA,1,0,0,1
2015,6,6/19/2015,GV B,GV27,1,E,B,4/4/8,0,1,1,NA,1,NA,NA,1,0,0,0
2015,6,6/19/2015,GV B,GV27,1,I,A,1/1/5,0,0,0,NA,0,NA,NA,1,0,0,0
2015,6,6/19/2015,GV B,GV27,1,I,B,2/2/6,0,0,1,NA,0,NA,NA,1,0,0,0
2015,6,6/20/2015,GV A,GV10,3,E,A,3/3/8,0,0,0,NA,0,NA,NA,0,0,0,0
2015,6,6/20/2015,GV A,GV10,3,E,B,4/4/9,0,0,0,NA,0,NA,NA,0,0,0,0
2015,6,6/20/2015,GV A,GV10,3,I,A,5/5/7,0,1,1,NA,1,NA,NA,1,1,1,1
2015,6,6/20/2015,GV A,GV10,3,I,B,1/1/13,0,0,0,NA,0,NA,NA,0,0,0,0
2015,6,6/20/2015,GV B,GV28,1,E,A,3/3/3,0,1,1,NA,1,NA,NA,1,0,0,0
2015,6,6/20/2015,GV B,GV28,1,E,B,4/4/4,0,1,1,NA,1,NA,NA,1,0,0,1
2015,6,6/20/2015,GV B,GV28,1,I,A,1/1/11,0,0,1,NA,1,NA,NA,1,0,1,0
2015,6,6/20/2015,GV B,GV28,1,I,B,2/2/12,0,1,1,NA,1,NA,NA,1,0,0,0
2015,6,6/21/2015,AL2015,AL27,2,E,1,1/1/1,0,1,1,NA,1,0,1,1,1,1,1
2015,6,6/21/2015,AL2015,AL27,2,E,2,2/2/2,0,1,1,NA,0,0,1,1,1,0,1
2015,6,6/21/2015,AL2015,AL27,2,I,1,3/3/3,0,1,1,NA,0,0,0,1,1,1,1
2015,6,6/21/2015,AL2015,AL27,2,I,2,4/4/4,0,1,1,NA,0,0,0,1,1,0,1
2015,6,6/22/2015,AL2015,AL28,3,E,1,1/1/5,0,1,1,NA,0,0,0,1,1,1,1
2015,6,6/22/2015,AL2015,AL28,3,E,2,2/2/6,0,0,1,NA,0,0,0,1,1,1,1
2015,6,6/22/2015,AL2015,AL28,3,I,1,3/3/7,0,1,0,NA,0,0,0,1,1,0,1
2015,6,6/22/2015,AL2015,AL28,3,I,2,4/4/8,0,1,1,NA,0,0,0,1,1,0,1
2015,6,6/22/2015,GV A,GV19,3,E,A,3/3/3,0,0,1,NA,1,NA,NA,1,0,0,0
2015,6,6/22/2015,GV A,GV19,3,E,B,4/4/4,0,0,1,NA,1,NA,NA,1,0,0,0
2015,6,6/22/2015,GV A,GV19,3,I,A,5/5/2,0,1,1,NA,1,NA,NA,1,0,0,0
2015,6,6/22/2015,GV A,GV19,3,I,B,1/1/10,0,1,1,NA,1,NA,NA,1,0,0,0
2015,6,6/22/2015,GV B,GV24,3,E,A,3/3/3,0,1,1,NA,1,NA,NA,1,0,0,0
2015,6,6/22/2015,GV B,GV24,3,E,B,4/4/4,0,1,1,NA,1,NA,NA,1,0,1,0
2015,6,6/22/2015,GV B,GV24,3,I,A,1/1/11,0,0,0,NA,1,NA,NA,1,0,0,0
2015,6,6/22/2015,GV B,GV24,3,I,B,2/2/12,0,1,0,NA,1,NA,NA,1,0,0,0
2015,6,6/23/2015,GV B,GV1,3,E,A,3/3/7,0,0,1,NA,1,NA,NA,1,0,0,0
2015,6,6/23/2015,GV B,GV1,3,E,B,4/4/8,0,1,1,NA,1,NA,NA,1,0,1,1
2015,6,6/23/2015,GV B,GV1,3,I,A,1/1/5,0,0,1,NA,1,NA,NA,1,0,0,0
2015,6,6/23/2015,GV B,GV1,3,I,B,2/2/6,0,0,1,NA,1,NA,NA,1,0,0,0
2015,6,6/23/2015,GV A,GV18,3,E,A,3/3/8,0,0,1,NA,1,NA,NA,1,0,0,0
2015,6,6/23/2015,GV A,GV18,3,E,B,4/4/9,0,1,1,NA,1,NA,NA,1,0,1,0
2015,6,6/23/2015,GV A,GV18,3,I,A,5/5/7,0,0,1,NA,1,NA,NA,1,1,1,0
2015,6,6/23/2015,GV A,GV18,3,I,B,1/1/13,0,1,1,NA,1,NA,NA,1,0,0,0
2015,6,6/24/2015,AL2015,AL19,4,E,1,1/1/1,0,1,1,NA,0,0,1,1,1,1,1
2015,6,6/24/2015,AL2015,AL19,4,E,2,2/2/2,0,1,1,NA,0,0,1,1,1,1,1
2015,6,6/24/2015,AL2015,AL19,4,I,1,3/3/3,0,0,0,NA,0,0,0,0,0,0,1
2015,6,6/24/2015,AL2015,AL19,4,I,2,4/4/4,0,0,1,NA,0,0,0,1,1,0,0
2015,6,6/25/2015,AL2015,AL18,4,E,1,1/1/5,0,1,1,NA,0,0,1,1,1,1,1
2015,6,6/25/2015,AL2015,AL18,4,E,2,2/2/6,0,1,1,NA,0,0,1,1,1,1,1
2015,6,6/25/2015,AL2015,AL18,4,I,1,3/3/7,0,1,1,NA,0,0,1,1,1,0,0
2015,6,6/25/2015,AL2015,AL18,4,I,2,4/4/8,0,0,1,NA,0,0,0,1,1,0,0
2015,6,6/25/2015,GV B,GV16,3,E,A,3/3/7,0,1,1,NA,1,NA,NA,1,0,0,0
2015,6,6/25/2015,GV B,GV16,3,E,B,4/4/8,0,1,1,NA,1,NA,NA,1,0,0,0
2015,6,6/25/2015,GV B,GV16,3,I,A,1/1/5,0,0,0,NA,1,NA,NA,1,0,0,0
2015,6,6/25/2015,GV B,GV16,3,I,B,2/2/6,0,1,1,NA,1,NA,NA,1,0,0,0
2015,6,6/25/2015,GV A,GV27,2,E,A,3/3/3,0,0,1,NA,1,NA,NA,1,0,0,0
2015,6,6/25/2015,GV A,GV27,2,E,B,4/4/4,0,1,1,NA,1,NA,NA,1,0,0,0
2015,6,6/25/2015,GV A,GV27,2,I,A,5/5/2,0,0,1,NA,1,NA,NA,1,1,0,0
2015,6,6/25/2015,GV A,GV27,2,I,B,1/1/10,0,0,1,NA,1,NA,NA,1,0,0,0
2015,6,6/26/2015,GV B,GV17,3,E,A,3/3/3,0,1,1,NA,1,NA,NA,1,0,0,0
2015,6,6/26/2015,GV B,GV17,3,E,B,4/4/4,0,1,1,NA,1,NA,NA,1,0,0,0
2015,6,6/26/2015,GV B,GV17,3,I,A,1/1/11,0,0,1,NA,1,NA,NA,1,0,0,0
2015,6,6/26/2015,GV B,GV17,3,I,B,2/2/12,0,1,1,NA,1,NA,NA,1,0,0,0
2015,6,6/26/2015,GV A,GV28,2,E,A,3/3/8,0,1,1,NA,1,NA,NA,1,1,1,1
2015,6,6/26/2015,GV A,GV28,2,E,B,4/4/9,0,1,1,NA,1,NA,NA,1,0,0,0
2015,6,6/26/2015,GV A,GV28,2,I,A,5/5/7,0,1,1,NA,1,NA,NA,1,0,1,0
2015,6,6/26/2015,GV A,GV28,2,I,B,1/1/13,0,1,1,NA,1,NA,NA,1,0,0,0
2015,6,6/27/2015,AL2015,AL21,4,E,1,1/1/1,0,1,1,NA,0,0,0,1,1,0,1
2015,6,6/27/2015,AL2015,AL21,4,E,2,2/2/2,0,1,1,NA,0,0,1,1,1,0,1
2015,6,6/27/2015,AL2015,AL21,4,I,1,3/3/3,0,0,1,NA,0,0,0,1,1,0,1
2015,6,6/27/2015,AL2015,AL21,4,I,2,4/4/4,0,1,1,NA,0,0,0,1,1,0,1
2015,6,6/28/2015,AL2015,AL17,4,E,2,2/2/6,0,1,1,NA,0,0,1,1,1,0,0
2015,6,6/28/2015,AL2015,AL17,4,I,1,3/3/7,0,1,0,NA,0,0,0,1,0,1,0
2015,6,6/28/2015,AL2015,AL17,4,I,2,4/4/8,0,1,1,NA,0,0,1,1,0,1,0
2015,6,6/28/2015,GV A,GV2,4,E,A,3/3/3,0,1,1,NA,1,NA,NA,1,0,0,1
2015,6,6/28/2015,GV A,GV2,4,E,B,4/4/4,0,1,1,NA,1,NA,NA,1,0,0,0
2015,6,6/28/2015,GV A,GV2,4,I,A,5/5/2,0,1,1,NA,1,NA,NA,1,0,0,0
2015,6,6/28/2015,GV A,GV2,4,I,B,1/1/10,0,1,1,NA,1,NA,NA,1,0,0,0
2015,6,6/28/2015,GV B,JC13,3,E,A,3/3/3,0,1,1,NA,1,0,0,1,0,0,0
2015,6,6/28/2015,GV B,JC13,3,E,B,4/4/4,0,0,0,NA,0,0,0,0,0,0,0
2015,6,6/28/2015,GV B,JC13,3,I,A,1/1/11,0,0,1,NA,1,0,0,1,0,0,0
2015,6,6/28/2015,GV B,JC13,3,I,B,2/2/12,0,0,1,NA,1,0,0,1,0,0,0
2015,6,6/29/2015,GV A,GV3,4,E,A,3/3/8,0,1,1,NA,1,NA,NA,1,0,0,0
2015,6,6/29/2015,GV A,GV3,4,E,B,4/4/9,0,1,0,NA,1,NA,NA,1,1,0,1
2015,6,6/29/2015,GV A,GV3,4,I,A,5/5/7,0,0,0,NA,1,NA,NA,1,0,0,0
2015,6,6/29/2015,GV A,GV3,4,I,B,1/1/13,0,0,1,NA,1,NA,NA,1,0,0,0
2015,6,6/29/2015,GV B,JC14/15,3,E,A,3/3/7,NA,NA,NA,NA,NA,NA,NA,NA,NA,NA,NA
2015,6,6/29/2015,GV B,JC14/15,3,E,B,4/4/8,0,0,0,NA,1,0,0,1,0,0,0
2015,6,6/29/2015,GV B,JC14/15,3,I,A,1/1/5,0,1,1,NA,1,0,0,1,0,0,0
2015,6,6/29/2015,GV B,JC14/15,3,I,B,2/2/6,NA,NA,NA,NA,NA,NA,NA,NA,NA,NA,NA
2015,6,6/30/2015,AL2015,AL16,4,E,1,1/1/1,0,1,1,NA,0,0,0,1,1,1,1
2015,6,6/30/2015,AL2015,AL16,4,E,2,2/2/2,0,0,1,NA,0,0,1,1,1,1,1
2015,6,6/30/2015,AL2015,AL16,4,I,1,3/3/3,0,1,1,NA,0,0,0,1,1,1,1
2015,6,6/30/2015,AL2015,AL16,4,I,2,4/4/4,0,0,1,NA,0,0,0,1,1,1,1
2015,7,7/1/2015,AL2015,AL25,4,E,1,1/1/5,0,0,1,NA,0,0,1,1,1,0,0
2015,7,7/1/2015,AL2015,AL25,4,E,2,2/2/6,0,1,1,NA,0,0,1,1,1,0,0
2015,7,7/1/2015,AL2015,AL25,4,I,1,3/3/7,0,0,1,NA,0,0,1,1,1,1,0
2015,7,7/1/2015,AL2015,AL25,4,I,2,4/4/8,0,0,1,NA,0,0,1,1,1,0,0
2015,7,7/2/2015,GV B,GV8,4,E,A,3/3/7,0,1,1,NA,1,NA,NA,1,0,0,0
2015,7,7/2/2015,GV B,GV8,4,E,B,4/4/8,0,1,1,NA,1,NA,NA,1,0,0,0
2015,7,7/2/2015,GV B,GV8,4,I,A,1/1/5,0,1,1,NA,1,NA,NA,1,0,0,0
2015,7,7/2/2015,GV B,GV8,4,I,B,2/2/6,0,1,1,NA,1,NA,NA,1,0,0,0
2015,7,7/3/2015,AL2015,AL23,4,E,1,1/1/1,0,1,1,NA,0,0,1,1,1,1,1
2015,7,7/3/2015,AL2015,AL23,4,E,2,2/2/2,0,0,1,NA,0,0,1,1,0,1,1
2015,7,7/3/2015,AL2015,AL23,4,I,1,3/3/3,0,0,0,NA,0,0,0,0,0,0,0
2015,7,7/3/2015,AL2015,AL23,4,I,2,4/4/4,0,0,0,NA,0,0,0,0,0,0,0
2015,7,7/3/2015,GV B,GV9,4,E,A,3/3/3,0,1,0,NA,0,NA,NA,1,0,0,0
2015,7,7/3/2015,GV B,GV9,4,E,B,4/4/4,NA,NA,NA,NA,NA,NA,NA,NA,NA,NA,NA
2015,7,7/3/2015,GV B,GV9,4,I,A,1/1/11,0,0,0,NA,0,NA,NA,0,0,0,0
2015,7,7/3/2015,GV B,GV9,4,I,B,2/2/12,0,1,1,NA,0,NA,NA,1,0,0,0
2015,7,7/4/2015,AL2015,AL22,4,E,1,1/1/5,0,1,1,NA,0,0,1,1,1,1,1
2015,7,7/4/2015,AL2015,AL22,4,E,2,2/2/6,0,1,1,NA,0,0,1,1,1,1,1
2015,7,7/4/2015,AL2015,AL22,4,I,1,3/3/7,0,0,1,NA,0,0,0,1,0,0,0
2015,7,7/4/2015,AL2015,AL22,4,I,2,4/4/8,0,0,1,NA,0,0,0,0,0,0,1
2015,7,7/5/2015,GV B,GV27,3,E,A,3/3/3,0,1,1,NA,1,NA,NA,1,0,1,0
2015,7,7/5/2015,GV B,GV27,3,I,A,1/1/11,0,0,1,NA,1,NA,NA,1,0,0,0
2015,7,7/5/2015,GV B,GV27,3,I,B,2/2/12,0,0,1,NA,0,NA,NA,0,0,0,0
2015,7,7/6/2015,GV B,GV28,3,E,A,3/3/7.,0,0,1,NA,1,NA,NA,1,0,0,0
2015,7,7/6/2015,GV B,GV28,3,E,B,4/4/8.,0,1,1,NA,1,NA,NA,1,0,0,0
2015,7,7/6/2015,GV B,GV28,3,I,A,1/1/5.,0,0,0,NA,0,NA,NA,0,0,0,0
2015,7,7/6/2015,GV B,GV28,3,I,B,2/2/6.,0,0,0,NA,0,NA,NA,0,0,0,0
2015,7,7/7/2015,GV A,GV4,4,E,A,3/3/3,0,1,1,NA,1,NA,NA,1,0,0,0
2015,7,7/7/2015,GV A,GV4,4,E,B,4/4/4,0,0,0,NA,0,NA,NA,0,0,0,0
2015,7,7/7/2015,GV A,GV4,4,I,A,5/5/2,0,0,1,NA,1,NA,NA,1,0,0,0
2015,7,7/7/2015,GV A,GV4,4,I,B,1/1/10,0,1,1,NA,1,NA,NA,1,0,0,0
2015,7,7/8/2015,AL2015,AL24,4,E,1,1/1/1,0,1,1,NA,1,0,1,1,1,1,0
2015,7,7/8/2015,AL2015,AL24,4,E,2,2/2/2,0,1,1,NA,1,1,1,1,1,1,1
2015,7,7/8/2015,AL2015,AL24,4,I,1,3/3/3,0,1,1,NA,0,0,1,1,1,1,1
2015,7,7/8/2015,AL2015,AL24,4,I,2,4/4/4,0,1,1,NA,1,0,1,1,1,1,1
2015,7,7/8/2015,GV A,GV5,4,E,A,3/3/8,0,1,1,NA,1,NA,NA,1,1,1,1
2015,7,7/8/2015,GV A,GV5,4,E,B,4/4/9,0,0,0,NA,0,NA,NA,0,0,0,0
2015,7,7/8/2015,GV A,GV5,4,I,A,5/5/7,0,1,1,NA,1,NA,NA,1,0,0,1
2015,7,7/8/2015,GV A,GV5,4,I,B,1/1/13,0,1,1,NA,1,NA,NA,1,0,0,0
2015,7,7/8/2015,GV B,GV6,4,E,A,3/3/7,0,0,0,NA,0,NA,NA,0,0,0,0
2015,7,7/8/2015,GV B,GV6,4,E,B,4/4/8,0,1,1,NA,1,NA,NA,1,0,0,0
2015,7,7/8/2015,GV B,GV6,4,I,A,1/1/5,0,1,1,NA,1,NA,NA,1,0,0,0
2015,7,7/8/2015,GV B,GV6,4,I,B,2/2/6,0,1,1,NA,1,NA,NA,1,0,0,0
2015,7,7/9/2015,AL2015,AL26,4,E,1,1/1/5,0,1,1,NA,1,0,1,1,1,1,1
2015,7,7/9/2015,AL2015,AL26,4,E,2,2/2/6,0,1,1,NA,1,0,1,1,1,1,1
2015,7,7/9/2015,AL2015,AL26,4,I,2,4/4/8,0,1,1,NA,1,0,1,1,1,1,0
2015,7,7/9/2015,GV B,GV7,4,E,A,3/3/3,0,1,1,NA,1,NA,NA,1,0,0,0
2015,7,7/9/2015,GV B,GV7,4,E,B,4/4/4,0,1,1,NA,1,NA,NA,1,0,0,0
2015,7,7/9/2015,GV B,GV7,4,I,A,1/1/11,0,0,0,NA,1,NA,NA,1,0,0,0
2015,7,7/9/2015,GV B,GV7,4,I,B,2/2/12,0,0,0,NA,0,NA,NA,0,0,0,0
2015,7,7/10/2015,GV A,GV26,4,E,A,3/3/3,0,0,1,NA,1,NA,NA,1,0,0,0
2015,7,7/10/2015,GV A,GV26,4,E,B,4/4/4,0,0,1,NA,1,NA,NA,1,0,0,0
2015,7,7/10/2015,GV A,GV26,4,I,A,5/5/2,0,1,1,NA,1,NA,NA,1,0,0,0
2015,7,7/10/2015,GV A,GV26,4,I,B,1/1/10,0,0,1,NA,1,NA,NA,1,0,0,0
2015,7,7/11/2015,AL2015,AL15,4,E,1,1/1/1,0,0,0,NA,0,0,1,0,0,0,1
2015,7,7/11/2015,AL2015,AL15,4,E,2,2/2/2,0,0,0,NA,0,0,0,0,0,0,0
2015,7,7/11/2015,AL2015,AL15,4,I,1,3/3/3,0,0,0,NA,0,0,0,0,0,0,0
2015,7,7/11/2015,AL2015,AL15,4,I,2,4/4/4,0,0,0,NA,0,0,0,0,0,0,0
2015,7,7/11/2015,GV B,GV12,4,E,A,3/3/3,0,1,1,NA,1,NA,NA,1,0,0,0
2015,7,7/11/2015,GV B,GV12,4,E,B,4/4/4,NA,NA,NA,NA,NA,NA,NA,NA,NA,NA,NA
2015,7,7/11/2015,GV B,GV12,4,I,A,1/1/11,0,0,0,NA,0,NA,NA,0,0,0,0
2015,7,7/11/2015,GV B,GV12,4,I,B,2/2/12,NA,NA,NA,NA,NA,NA,NA,NA,NA,NA,NA
2015,7,7/11/2015,GV A,GV25,4,E,A,3/3/8,0,1,1,NA,1,NA,NA,1,0,0,0
2015,7,7/11/2015,GV A,GV25,4,I,A,5/5/7,0,1,1,NA,1,NA,NA,1,0,0,0
2015,7,7/12/2015,AL2015,AL20,4,E,1,1/1/5,0,1,1,NA,0,0,1,1,1,1,0
2015,7,7/12/2015,AL2015,AL20,4,E,2,2/2/6,0,1,1,NA,0,0,1,1,1,1,1
2015,7,7/12/2015,AL2015,AL20,4,I,1,3/3/7,0,0,1,NA,0,0,0,1,1,1,0
2015,7,7/12/2015,AL2015,AL20,4,I,2,4/4/8,0,1,0,NA,0,0,1,1,0,1,0
2015,7,7/12/2015,GV B,GV13,4,E,A,3/3/7,NA,NA,NA,NA,NA,NA,NA,NA,NA,NA,NA
2015,7,7/12/2015,GV B,GV13,4,E,B,4/4/8,NA,NA,NA,NA,NA,NA,NA,NA,NA,NA,NA
2015,7,7/12/2015,GV B,GV13,4,I,A,1/1/5,NA,NA,NA,NA,NA,NA,NA,NA,NA,NA,NA
2015,7,7/12/2015,GV B,GV13,4,I,B,2/2/6,NA,NA,NA,NA,NA,NA,NA,NA,NA,NA,NA
2015,7,7/14/2015,AL2015,AL27,3,E,1,1/1/1,1,1,1,NA,1,1,1,1,1,1,1
2015,7,7/14/2015,AL2015,AL27,3,E,2,2/2/2,0,1,1,NA,1,0,0,1,0,0,1
2015,7,7/14/2015,AL2015,AL27,3,I,1,3/3/3,0,1,1,NA,1,0,0,1,0,0,0
2015,7,7/14/2015,AL2015,AL27,3,I,2,4/4/4,0,1,1,NA,1,0,0,1,0,0,0
2015,7,7/14/2015,GV A,GV10,4,E,A,3/3/8,1,1,1,NA,1,NA,NA,1,1,1,1
2015,7,7/14/2015,GV A,GV10,4,E,B,4/4/9,0,0,0,NA,0,NA,NA,0,0,0,0
2015,7,7/14/2015,GV A,GV10,4,I,A,5/5/7,0,0,0,NA,0,NA,NA,0,0,0,0
2015,7,7/14/2015,GV A,GV10,4,I,B,1/1/13,0,1,0,NA,1,NA,NA,1,0,0,0
2015,7,7/14/2015,GV B,GV14,4,E,A,3/3/7,0,0,0,NA,0,NA,NA,0,0,0,0
2015,7,7/14/2015,GV B,GV14,4,E,B,4/4/8,NA,NA,NA,NA,NA,NA,NA,NA,NA,NA,NA
2015,7,7/14/2015,GV B,GV14,4,I,A,1/1/5,0,1,1,NA,1,NA,NA,1,0,0,0
2015,7,7/14/2015,GV B,GV14,4,I,B,2/2/6,0,1,1,NA,1,NA,NA,1,0,0,0
2015,7,7/15/2015,AL2015,AL28,4,E,1,1/1/5,0,1,1,NA,1,1,1,1,0,1,0
2015,7,7/15/2015,AL2015,AL28,4,E,2,2/2/6,0,1,1,NA,1,1,0,1,0,0,0
2015,7,7/15/2015,AL2015,AL28,4,I,1,3/3/7,0,1,1,NA,1,1,0,1,0,0,0
2015,7,7/15/2015,AL2015,AL28,4,I,2,4/4/8,0,1,1,NA,1,1,1,1,0,1,0
2015,7,7/15/2015,GV B,GV15,4,E,A,3/3/3,0,0,0,NA,0,NA,NA,0,0,0,0
2015,7,7/15/2015,GV B,GV15,4,I,A,1/1/11,0,0,1,NA,1,NA,NA,1,0,0,0
2015,7,7/15/2015,GV B,GV15,4,I,B,2/2/12,0,0,0,NA,0,NA,NA,1,0,0,0
2015,7,7/16/2015,GV A,GV18,4,E,A,3/3/3,0,1,1,NA,1,NA,NA,1,0,1,0
2015,7,7/16/2015,GV A,GV18,4,E,B,4/4/4,0,0,0,NA,0,NA,NA,0,0,0,0
2015,7,7/16/2015,GV A,GV18,4,I,A,5/5/2,0,0,1,NA,1,NA,NA,1,0,0,0
2015,7,7/16/2015,GV A,GV18,4,I,B,1/1/10,0,1,1,NA,1,NA,NA,1,0,1,0
2015,7,7/17/2015,GV B,GV1,4,E,A,3/3/3,0,0,0,NA,0,NA,NA,0,0,0,0
2015,7,7/17/2015,GV B,GV1,4,E,B,4/4/4,0,1,1,NA,1,NA,NA,1,0,0,0
2015,7,7/17/2015,GV B,GV1,4,I,A,1/1/11,0,0,1,NA,1,NA,NA,1,0,0,0
2015,7,7/17/2015,GV B,GV1,4,I,B,2/2/12,0,1,1,NA,1,NA,NA,1,0,0,0
2015,7,7/17/2015,GV A,GV19,4,E,A,3/3/8,0,0,0,NA,0,NA,NA,1,0,0,0
2015,7,7/17/2015,GV A,GV19,4,E,B,4/4/9,0,1,1,NA,1,NA,NA,1,0,0,0
2015,7,7/17/2015,GV A,GV19,4,I,A,5/5/7,0,1,1,NA,1,NA,NA,1,0,0,0
2015,7,7/17/2015,GV A,GV19,4,I,B,1/1/13,0,1,1,NA,1,NA,NA,1,0,0,0
2015,7,7/18/2015,GV B,GV24,4,E,A,3/3/7,0,0,0,NA,0,NA,NA,0,0,0,0
2015,7,7/18/2015,GV B,GV24,4,E,B,4/4/9.,0,1,1,NA,1,NA,NA,1,0,1,0
2015,7,7/18/2015,GV B,GV24,4,I,A,1/1/5,0,1,1,NA,1,NA,NA,1,0,0,0
2015,7,7/18/2015,GV B,GV24,4,I,B,2/2/6,0,1,1,NA,1,NA,NA,1,0,0,0
2015,7,7/20/2015,GV B,GV16,4,E,A,3/3/3,0,0,0,NA,0,NA,NA,0,0,0,0
2015,7,7/20/2015,GV B,GV16,4,E,B,4/4/4,0,1,1,NA,1,NA,NA,1,0,0,0
2015,7,7/20/2015,GV B,GV16,4,I,A,1/1/11,0,1,1,NA,1,NA,NA,1,0,0,0
2015,7,7/20/2015,GV B,GV16,4,I,B,2/2/12,0,0,1,NA,1,NA,NA,1,0,0,0
2015,7,7/20/2015,GV A,GV20,4,E,A,3/3/7,0,0,1,NA,1,NA,NA,1,0,0,0
2015,7,7/20/2015,GV A,GV20,4,E,B,4/4/8,0,0,1,NA,1,NA,NA,1,0,0,0
2015,7,7/20/2015,GV A,GV20,4,I,A,1/1/5,0,1,1,NA,1,NA,NA,1,0,0,1
2015,7,7/20/2015,GV A,GV20,4,I,B,5/5/6,0,0,0,NA,0,NA,NA,1,0,0,0
2015,7,7/20/2015,GV A,GV21,4,E,A,3/3/3,0,1,1,NA,1,NA,NA,1,1,0,1
2015,7,7/20/2015,GV A,GV21,4,E,B,4/4/4,0,1,1,NA,1,NA,NA,1,0,0,0
2015,7,7/20/2015,GV A,GV21,4,I,A,5/5/2,0,1,1,NA,1,NA,NA,1,0,0,0
2015,7,7/20/2015,GV A,GV21,4,I,B,1/1/10,0,1,1,NA,1,NA,NA,1,0,0,0
2015,7,7/20/2015,GV B,GV22,4,E,A,1/1/9.,0,1,1,NA,1,NA,NA,1,0,0,0
2015,7,7/20/2015,GV B,GV22,4,E,B,2/2/13.,0,1,1,NA,1,NA,NA,1,0,0,1
2015,7,7/20/2015,GV B,GV22,4,I,A,3/3/7.,0,1,1,NA,1,NA,NA,1,0,1,0
2015,7,7/20/2015,GV B,GV22,4,I,B,4/4/8.,0,1,1,NA,1,NA,NA,1,0,0,0
2015,7,7/21/2015,GV B,GV17,4,E,A,3/3/7,0,1,1,NA,1,NA,NA,1,0,0,0
2015,7,7/21/2015,GV B,GV17,4,E,B,4/4/8,0,1,1,NA,1,NA,NA,1,0,0,0
2015,7,7/21/2015,GV B,GV17,4,I,A,1/1/5,0,0,0,NA,0,NA,NA,0,0,0,0
2015,7,7/21/2015,GV B,GV17,4,I,B,2/2/6,0,1,1,NA,1,NA,NA,1,0,0,0
2015,7,7/21/2015,GV B,GV23,4,E,A,1/1/1.,0,1,1,NA,1,NA,NA,1,0,1,0
2015,7,7/21/2015,GV B,GV23,4,E,B,2/2/2.,0,1,1,NA,1,NA,NA,1,0,1,0
2015,7,7/21/2015,GV B,GV23,4,I,A,3/3/3.,0,1,1,NA,1,NA,NA,1,0,0,0
2015,7,7/21/2015,GV B,GV23,4,I,B,4/4/4.,0,0,1,NA,1,NA,NA,1,0,0,0
2015,7,7/23/2015,GV B,JC13,4,E,A,3/3/3,0,0,0,NA,1,0,0,1,0,0,1
2015,7,7/23/2015,GV B,JC13,4,E,B,4/4/4,0,0,0,NA,0,0,0,0,0,0,0
2015,7,7/23/2015,GV B,JC13,4,I,A,5/5/2,0,0,1,NA,1,0,0,1,0,0,0
2015,7,7/23/2015,GV B,JC14/15,4,E,B,4/4/8,0,0,0,NA,0,0,0,0,0,0,0
2015,7,7/23/2015,GV B,JC14/15,4,I,A,1/1/5,0,0,0,NA,0,0,0,0,0,0,0
2015,7,7/23/2015,GV B,JC14/15,4,I,B,2/2/6,0,0,0,NA,1,0,0,1,0,0,0
2013,7,2013-Jul-02,JC2013,JC3,2,E,A,4,0,0,1,NA,0,0,1,1,1,1,1
2013,7,2013-Jul-02,JC2013,JC3,2,E,B,5,0,0,0,NA,0,0,1,1,1,0,1
2013,7,2013-Jul-02,JC2013,JC3,2,I,A,3,0,0,0,NA,0,0,0,1,1,0,0
2013,7,2013-Jul-02,JC2013,JC3,2,I,B,2,0,0,1,NA,0,0,0,1,1,0,1
2013,7,2013-Jul-03,JC2013,JC4,2,E,A,4,0,0,1,NA,0,0,0,1,1,1,0
2013,7,2013-Jul-03,JC2013,JC4,2,I,A,3,0,0,0,NA,0,0,0,0,0,0,0
2013,7,2013-Jul-03,JC2013,JC4,2,I,B,2,0,0,1,NA,0,0,0,1,1,1,1
2013,7,2013-Jul-05,JC2013,JC5,2,E,A,3,0,0,1,NA,0,0,0,1,0,1,1
2013,7,2013-Jul-05,JC2013,JC5,2,I,A,1,0,0,1,NA,0,0,0,0,0,0,0
2013,7,2013-Jul-05,JC2013,JC5,2,I,B,2,0,1,1,NA,1,0,1,1,1,1,0
2013,7,2013-Jul-06,JC2013,JC6,2,E,A,3,0,0,0,NA,0,0,0,0,0,0,0
2013,7,2013-Jul-06,JC2013,JC6,2,I,A,1,0,0,1,NA,0,0,0,1,1,0,0
2013,7,2013-Jul-07,JC2013,JC8,2,E,A,4,0,0,1,NA,0,0,0,0,0,1,1
2013,7,2013-Jul-07,JC2013,JC8,2,E,B,3,0,0,0,NA,0,0,0,0,0,0,0
2013,7,2013-Jul-08,JC2013,JC7,2,E,A,4,0,0,1,NA,0,0,0,1,1,0,1
2013,7,2013-Jul-08,JC2013,JC7,2,E,B,2,0,0,1,NA,0,0,0,1,1,1,0
2013,7,2013-Jul-08,JC2013,JC7,2,I,A,3,0,0,0,NA,0,0,0,0,0,0,0
2013,7,2013-Jul-08,JC2013,JC7,2,I,B,1,0,0,0,NA,0,0,0,0,0,0,0
2013,7,2013-Jul-09,JC2013,JC10,2,E,A,3,0,0,1,NA,0,0,0,0,0,0,0
2013,7,2013-Jul-09,JC2013,JC10,2,E,B,1,NA,NA,NA,NA,NA,NA,NA,NA,NA,NA,NA
2013,7,2013-Jul-09,JC2013,JC10,2,I,A,4,0,0,1,NA,0,0,0,1,0,0,1
2013,7,2013-Jul-09,JC2013,JC10,2,I,B,2,0,1,1,NA,0,0,1,1,1,1,1
2013,7,2013-Jul-10,7,JC9,2,E,A,4,0,0,0,NA,0,0,0,0,0,0,0
2013,7,2013-Jul-10,JC2013,JC9,2,E,B,1,0,0,0,NA,0,0,0,0,0,0,0
2013,7,2013-Jul-11,JC2013,JC11,2,E,A,3,0,0,0,NA,0,0,0,0,0,0,0
2013,7,2013-Jul-11,JC2013,JC11,2,I,A,4,0,0,0,NA,0,0,0,0,0,0,0
2013,7,2013-Jul-12,JC2013,JC12,2,E,A,3,0,0,0,NA,1,0,0,0,0,0,0
2013,7,2013-Jul-12,JC2013,JC12,2,E,B,2,0,0,1,NA,0,0,1,0,0,0,1
2013,7,2013-Jul-12,JC2013,JC12,2,I,A,1,0,0,0,NA,0,0,0,0,0,0,0
2013,7,2013-Jul-12,JC2013,JC12,2,I,B,4,NA,NA,NA,NA,NA,NA,NA,NA,NA,NA,NA
2013,6,2013-Jun-05,JC2013,JC1,1,E,A,1,0,0,0,NA,0,0,0,0,0,0,0
2013,6,2013-Jun-05,JC2013,JC1,1,E,B,2,0,0,1,NA,0,0,0,1,1,1,0
2013,6,2013-Jun-05,JC2013,JC1,1,I,A,3,0,0,0,NA,0,0,0,0,0,0,0
2013,6,2013-Jun-06,JC2013,JC2,1,E,A,3,0,0,1,NA,0,0,0,1,0,0,1
2013,6,2013-Jun-06,JC2013,JC2,1,E,B,4,0,1,1,NA,0,0,0,1,1,0,1
2013,6,2013-Jun-06,JC2013,JC2,1,I,A,1,0,0,0,NA,0,0,0,0,0,0,0
2013,6,2013-Jun-07,JC2013,JC3,1,E,A,1,0,0,0,NA,0,0,0,0,1,0,0
2013,6,2013-Jun-07,JC2013,JC3,1,E,B,2,0,0,1,NA,0,0,0,1,0,1,1
2013,6,2013-Jun-07,JC2013,JC3,1,I,A,3,0,0,1,NA,0,0,0,1,1,0,0
2013,6,2013-Jun-07,JC2013,JC3,1,I,B,4,0,0,1,NA,0,0,0,1,0,0,0
2013,6,2013-Jun-08,JC2013,JC4,1,E,A,1,0,0,0,NA,0,0,0,0,0,0,0
2013,6,2013-Jun-08,JC2013,JC4,1,E,B,2,0,1,0,NA,0,0,0,1,1,0,0
2013,6,2013-Jun-12,JC2013,JC5,1,E,A,5,0,0,0,NA,0,0,0,1,0,0,0
2013,6,2013-Jun-12,JC2013,JC5,1,E,B,2,0,0,1,NA,0,0,0,1,0,1,0
2013,6,2013-Jun-12,JC2013,JC5,1,I,A,4,0,0,1,NA,0,0,0,1,1,0,0
2013,6,2013-Jun-12,JC2013,JC5,1,I,B,3,0,0,0,NA,0,0,0,0,0,0,0
2013,6,2013-Jun-15,JC2013,JC8,1,E,A,4,0,0,0,NA,0,0,0,0,0,0,0
2013,6,2013-Jun-15,JC2013,JC8,1,E,B,2,0,0,0,NA,0,0,0,0,0,0,0
2013,6,2013-Jun-15,JC2013,JC8,1,I,A,3,NA,NA,NA,NA,NA,NA,NA,NA,NA,NA,NA
2013,6,2013-Jun-15,JC2013,JC8,1,I,B,5,NA,NA,NA,NA,NA,NA,NA,NA,NA,NA,NA
2013,6,2013-Jun-18,JC2013,JC10,1,E,A,4,0,0,1,NA,0,0,1,1,1,0,1
2013,6,2013-Jun-18,JC2013,JC10,1,E,B,2,0,0,0,NA,0,0,0,0,0,0,0
2013,6,2013-Jun-18,JC2013,JC10,1,I,A,5,0,0,1,NA,0,0,0,1,1,0,0
2013,6,2013-Jun-18,JC2013,JC10,1,I,B,3,0,0,1,NA,0,0,0,0,1,0,0
2013,6,2013-Jun-19,JC2013,JC9,1,E,A,4,0,0,0,NA,0,0,0,0,0,0,1
2013,6,2013-Jun-19,JC2013,JC9,1,E,B,2,0,0,0,NA,0,0,0,0,0,0,0
2013,6,2013-Jun-19,JC2013,JC9,1,I,A,3,NA,NA,NA,NA,NA,NA,NA,NA,NA,NA,NA
2013,6,2013-Jun-19,JC2013,JC9,1,I,B,5,NA,NA,NA,NA,NA,NA,NA,NA,NA,NA,NA
2013,6,2013-Jun-21,JC2013,JC12,1,E,A,4,0,1,0,NA,0,0,1,0,0,0,0
2013,6,2013-Jun-21,JC2013,JC12,1,E,B,3,0,0,0,NA,0,0,0,0,0,0,0
2013,6,2013-Jun-21,JC2013,JC12,1,I,A,5,0,0,0,NA,0,0,0,0,0,0,0
2013,6,2013-Jun-21,JC2013,JC12,1,I,B,2,0,0,0,NA,0,0,0,0,0,0,0
2013,6,2013-Jun-22,JC2013,JC11,1,E,A,4,0,0,0,NA,0,0,0,1,0,0,0
2013,6,2013-Jun-22,JC2013,JC11,1,I,A,3,0,0,0,NA,0,0,0,0,0,0,0
2013,6,2013-Jun-22,JC2013,JC11,1,I,B,5,NA,NA,NA,NA,NA,NA,NA,NA,NA,NA,NA
,,,,,,,,,,,,,,,,,,,
,,,,,,,,,5,527,762,120,420,19,302,839,409,363,325
